quality_score,Aroma,Flavor,Aftertaste,Acidity,Body,Balance,Uniformity,Clean Cup,Sweetness,Moisture,Category Two Defects
90.58,8.67,8.83,8.67,8.75,8.5,8.42,10.0,10.0,10.0,0.12,0
89.92,8.75,8.67,8.5,8.58,8.42,8.42,10.0,10.0,10.0,0.12,1
89.75,8.42,8.5,8.42,8.42,8.33,8.42,10.0,10.0,10.0,0.0,0
89.0,8.17,8.58,8.42,8.42,8.5,8.25,10.0,10.0,10.0,0.11,2
88.83,8.25,8.5,8.25,8.5,8.42,8.33,10.0,10.0,10.0,0.12,2
88.83,8.58,8.42,8.42,8.5,8.25,8.33,10.0,10.0,10.0,0.11,1
88.75,8.42,8.5,8.33,8.5,8.25,8.25,10.0,10.0,10.0,0.11,0
88.67,8.25,8.33,8.5,8.42,8.33,8.5,10.0,10.0,9.33,0.03,0
88.42,8.67,8.67,8.58,8.42,8.33,8.42,9.33,10.0,9.33,0.03,0
88.25,8.08,8.58,8.5,8.5,7.67,8.42,10.0,10.0,10.0,0.1,4
88.08,8.17,8.67,8.25,8.5,7.75,8.17,10.0,10.0,10.0,0.1,1
87.92,8.25,8.42,8.17,8.33,8.08,8.17,10.0,10.0,10.0,0.0,0
87.92,8.08,8.67,8.33,8.42,8.0,8.08,10.0,10.0,10.0,0.0,0
87.92,8.33,8.42,8.08,8.25,8.25,8.0,10.0,10.0,10.0,0.0,2
87.83,8.25,8.33,8.5,8.25,8.58,8.75,9.33,10.0,9.33,0.05,2
87.58,8.0,8.5,8.58,8.17,8.17,8.0,10.0,10.0,10.0,0.0,0
87.42,8.33,8.25,7.83,7.75,8.5,8.42,10.0,10.0,10.0,0.03,0
87.33,8.17,8.33,8.25,8.33,8.42,8.33,9.33,10.0,9.33,0.05,2
87.25,8.42,8.25,8.08,8.17,7.92,8.0,10.0,10.0,10.0,0.1,0
87.25,8.17,8.17,8.0,8.17,8.08,8.33,10.0,10.0,10.0,0.0,8
87.25,8.0,8.25,8.08,8.5,8.25,8.0,10.0,10.0,10.0,0.0,0
87.17,8.08,8.25,8.0,8.17,8.0,8.33,10.0,10.0,10.0,0.11,2
87.17,8.17,8.25,8.17,8.0,7.83,8.17,10.0,10.0,10.0,0.13,0
87.08,8.25,8.33,8.17,8.17,7.83,8.17,10.0,10.0,10.0,0.0,0
87.08,8.42,8.17,7.92,8.17,8.33,8.0,10.0,10.0,10.0,0.11,1
86.92,8.5,8.5,8.0,8.0,8.0,8.0,10.0,10.0,10.0,0.12,2
86.92,7.83,8.25,8.08,8.17,8.17,8.17,10.0,10.0,10.0,0.05,2
86.83,8.42,8.17,8.17,8.17,7.83,7.92,10.0,10.0,10.0,0.12,1
86.67,8.17,8.08,8.08,8.0,8.08,8.0,10.0,10.0,10.0,0.1,3
86.58,8.0,8.0,8.0,8.25,8.0,8.17,10.0,10.0,10.0,0.0,0
86.58,7.92,8.25,8.0,8.33,8.0,8.08,10.0,10.0,10.0,0.08,2
86.5,8.42,8.17,8.17,8.0,7.58,8.0,10.0,10.0,10.0,0.11,1
86.42,8.5,8.17,8.0,7.75,8.0,8.0,10.0,10.0,10.0,0.12,2
86.33,8.17,7.83,8.0,8.08,7.83,8.0,10.0,10.0,10.0,0.0,0
86.25,8.0,8.08,7.92,8.0,8.08,8.08,10.0,10.0,10.0,0.1,3
86.25,8.08,8.0,8.0,8.25,7.92,7.92,10.0,10.0,10.0,0.12,1
86.25,8.08,8.17,8.0,7.92,7.92,7.83,10.0,10.0,10.0,0.0,4
86.25,8.25,8.42,8.08,7.75,7.67,7.83,10.0,10.0,10.0,0.0,1
86.25,7.92,7.75,8.08,8.08,8.08,8.17,10.0,10.0,10.0,0.1,2
86.17,7.67,8.17,8.0,8.0,8.17,8.08,10.0,10.0,10.0,0.0,0
86.17,7.83,8.33,7.83,8.25,7.58,7.92,10.0,10.0,10.0,0.1,9
86.17,8.17,7.92,7.92,7.75,8.33,8.0,10.0,10.0,10.0,0.08,2
86.17,8.42,7.92,8.0,7.75,7.92,8.0,10.0,10.0,10.0,0.01,3
86.08,8.08,8.17,7.75,8.08,7.75,7.83,10.0,10.0,10.0,0.12,0
86.08,8.08,8.08,8.0,8.0,7.83,8.08,10.0,10.0,10.0,0.11,2
86.08,8.33,8.0,8.0,8.0,7.75,8.0,10.0,10.0,10.0,0.11,2
86.0,8.08,8.08,7.83,7.92,8.08,7.92,10.0,10.0,10.0,0.0,0
86.0,7.75,7.92,7.83,8.08,8.08,8.17,10.0,10.0,10.0,0.12,1
86.0,7.92,8.17,7.83,8.5,7.5,7.92,10.0,10.0,10.0,0.11,1
86.0,8.25,8.0,7.83,8.08,8.0,7.92,10.0,10.0,10.0,0.1,0
86.0,7.75,8.08,8.0,8.25,8.0,8.0,10.0,10.0,10.0,0.01,4
86.0,8.33,8.17,7.75,8.0,7.75,7.83,10.0,10.0,10.0,0.0,0
85.92,7.92,8.08,7.92,8.08,8.08,7.83,10.0,10.0,10.0,0.1,3
85.92,8.17,8.17,7.92,8.08,7.83,7.75,10.0,10.0,10.0,0.12,0
85.92,8.0,8.0,8.0,8.17,7.83,8.0,10.0,10.0,10.0,0.0,0
85.83,8.0,8.0,7.92,8.08,7.83,8.0,10.0,10.0,10.0,0.08,0
85.83,7.83,8.08,7.92,8.08,8.0,7.92,10.0,10.0,10.0,0.1,4
85.83,7.83,8.0,8.0,8.17,7.83,8.0,10.0,10.0,10.0,0.12,3
85.83,8.0,8.0,7.83,8.33,7.83,7.83,10.0,10.0,10.0,0.1,1
85.75,7.83,8.0,7.83,8.17,7.92,8.0,10.0,10.0,10.0,0.09,7
85.75,8.0,8.0,8.0,8.08,7.92,7.75,10.0,10.0,10.0,0.1,6
85.75,8.33,8.42,7.83,8.33,8.0,8.25,9.33,9.33,10.0,0.12,1
85.58,7.92,8.17,8.0,7.92,7.75,7.83,10.0,10.0,10.0,0.1,3
85.58,7.83,8.0,8.0,7.75,7.92,8.17,10.0,10.0,10.0,0.11,0
85.58,7.83,8.0,7.92,7.75,8.08,8.0,10.0,10.0,10.0,0.0,1
85.5,8.0,7.75,7.83,7.83,7.67,8.58,10.0,10.0,10.0,0.09,2
85.5,7.92,7.92,7.83,8.08,7.83,7.92,10.0,10.0,10.0,0.1,3
85.5,7.83,8.0,7.83,7.92,7.83,8.08,10.0,10.0,10.0,0.12,7
85.5,8.33,7.92,7.67,7.92,7.67,7.92,10.0,10.0,10.0,0.12,1
85.5,8.0,7.83,7.67,8.33,7.83,8.0,10.0,10.0,10.0,0.11,1
85.42,7.75,7.83,7.83,8.17,7.92,7.83,10.0,10.0,10.0,0.1,18
85.42,8.08,8.0,7.83,7.67,8.0,7.83,10.0,10.0,10.0,0.12,5
85.42,7.92,7.92,7.75,7.92,7.75,7.92,10.0,10.0,10.0,0.0,6
85.42,8.0,8.0,8.0,7.67,7.75,8.0,10.0,10.0,10.0,0.11,1
85.42,8.08,7.83,7.83,8.08,7.83,7.83,10.0,10.0,10.0,0.01,0
85.33,8.0,8.0,8.0,7.83,7.83,7.75,10.0,10.0,10.0,0.1,0
85.33,7.83,7.75,7.83,7.67,7.83,8.58,10.0,10.0,10.0,0.11,1
85.33,7.92,8.08,8.0,7.92,8.0,8.08,10.0,10.0,9.33,0.0,0
85.33,8.0,7.58,7.58,7.67,8.08,8.5,10.0,10.0,10.0,0.1,2
85.33,7.83,8.08,7.75,8.08,7.92,7.75,10.0,10.0,10.0,0.0,2
85.33,8.0,7.92,7.92,8.08,7.83,7.75,10.0,10.0,10.0,0.0,6
85.33,7.83,7.83,7.92,8.08,7.75,7.83,10.0,10.0,10.0,0.05,2
85.33,7.92,7.83,7.75,8.33,7.75,7.75,10.0,10.0,10.0,0.1,3
85.25,8.0,7.92,7.75,8.0,7.92,7.83,10.0,10.0,10.0,0.1,2
85.25,8.17,7.92,7.83,8.0,7.58,7.83,10.0,10.0,10.0,0.11,0
85.25,7.58,8.08,7.92,7.83,8.0,7.92,10.0,10.0,10.0,0.12,2
85.17,7.75,7.83,7.67,8.0,8.08,7.83,10.0,10.0,10.0,0.11,3
85.17,8.25,8.0,7.67,7.92,7.75,7.67,10.0,10.0,10.0,0.0,7
85.08,7.75,8.0,7.58,8.0,8.0,7.92,10.0,10.0,10.0,0.11,8
85.08,8.17,7.83,7.58,8.08,8.0,7.75,10.0,10.0,10.0,0.0,0
85.08,8.42,8.0,7.42,8.0,7.92,7.92,9.33,10.0,10.0,0.1,7
85.08,7.58,7.83,7.83,7.92,7.83,8.17,10.0,10.0,10.0,0.11,2
85.08,7.83,8.0,7.75,7.75,7.83,7.83,10.0,10.0,10.0,0.11,8
85.08,8.08,8.17,7.92,8.0,8.08,8.0,9.33,9.33,10.0,0.01,7
85.08,7.67,8.0,7.83,8.0,7.92,7.83,10.0,10.0,10.0,0.0,5
85.08,7.5,7.92,8.25,7.83,7.92,7.75,10.0,10.0,10.0,0.0,0
85.0,8.17,7.92,7.75,7.75,7.67,7.75,10.0,10.0,10.0,0.11,1
85.0,8.0,7.92,7.75,7.92,7.75,7.83,10.0,10.0,10.0,0.0,3
85.0,7.83,8.0,7.58,7.92,7.92,7.83,10.0,10.0,10.0,0.12,1
85.0,7.83,8.0,7.83,7.75,7.67,7.83,10.0,10.0,10.0,0.09,3
85.0,8.17,7.83,7.92,7.75,7.67,7.83,10.0,10.0,10.0,0.11,7
85.0,7.75,7.83,7.75,8.08,8.0,7.75,10.0,10.0,10.0,0.0,5
85.0,8.0,8.0,7.83,7.83,7.67,7.67,10.0,10.0,10.0,0.12,3
85.0,7.92,8.17,7.75,8.08,7.42,7.83,10.0,10.0,10.0,0.0,0
85.0,7.75,7.92,7.75,7.75,8.0,8.0,10.0,10.0,10.0,0.0,1
85.0,7.83,8.08,7.67,8.0,7.75,7.67,10.0,10.0,10.0,0.04,1
84.92,7.92,7.92,7.67,7.83,7.92,7.83,10.0,10.0,10.0,0.0,2
84.92,7.92,7.83,7.75,7.83,7.75,8.0,10.0,10.0,10.0,0.12,1
84.92,7.67,7.83,8.0,7.58,8.0,7.92,10.0,10.0,10.0,0.11,0
84.92,8.0,7.83,7.83,7.92,7.75,7.75,10.0,10.0,10.0,0.12,2
84.92,7.75,7.92,7.83,7.75,7.75,8.0,10.0,10.0,10.0,0.11,3
84.92,7.75,8.0,7.75,7.83,7.5,7.92,10.0,10.0,10.0,0.11,0
84.92,8.0,7.92,7.75,7.75,8.0,7.75,10.0,10.0,10.0,0.11,2
84.92,8.0,8.0,7.75,8.0,7.5,7.75,10.0,10.0,10.0,0.12,2
84.92,8.0,7.67,7.83,8.17,7.92,7.75,10.0,10.0,10.0,0.06,9
84.83,7.92,7.58,7.83,7.83,7.83,7.83,10.0,10.0,10.0,0.0,0
84.83,7.75,7.92,7.67,7.67,8.25,7.75,10.0,10.0,10.0,0.12,1
84.83,7.67,7.75,7.75,7.75,7.83,8.0,10.0,10.0,10.0,0.0,15
84.83,7.75,7.92,7.83,7.92,7.75,7.67,10.0,10.0,10.0,0.1,2
84.83,7.42,7.92,7.92,8.0,7.83,7.83,10.0,10.0,10.0,0.1,4
84.75,7.75,7.75,7.75,7.75,8.0,7.75,10.0,10.0,10.0,0.12,0
84.75,7.92,7.83,7.58,7.92,7.75,7.83,10.0,10.0,10.0,0.13,0
84.75,7.83,7.75,8.0,7.67,7.67,7.67,10.0,10.0,10.0,0.11,4
84.75,7.75,8.0,8.0,8.33,7.67,7.92,10.0,10.0,9.33,0.15,3
84.75,7.83,7.58,7.58,7.83,7.75,7.67,10.0,10.0,10.0,0.18,2
84.67,7.83,7.83,7.5,8.0,7.83,7.67,10.0,10.0,10.0,0.0,2
84.67,7.92,7.83,7.75,7.75,7.75,7.75,10.0,10.0,10.0,0.12,7
84.67,7.75,7.75,7.75,7.42,8.08,7.83,10.0,10.0,10.0,0.12,0
84.67,8.08,7.75,7.67,7.83,7.5,7.92,10.0,10.0,10.0,0.1,2
84.67,7.75,7.83,7.58,8.0,7.92,7.75,10.0,10.0,10.0,0.1,1
84.67,8.17,8.0,7.83,7.17,7.83,7.75,10.0,10.0,10.0,0.12,0
84.67,8.08,7.83,7.75,7.83,7.58,7.67,10.0,10.0,10.0,0.1,3
84.67,7.67,7.58,7.75,7.75,7.67,8.58,10.0,10.0,10.0,0.08,1
84.67,8.0,7.58,7.83,7.75,7.75,7.75,10.0,10.0,10.0,0.11,4
84.67,8.08,7.83,7.75,7.83,7.92,8.0,10.0,10.0,9.33,0.0,10
84.67,8.0,7.92,7.75,7.75,7.75,7.75,10.0,10.0,10.0,0.11,0
84.67,7.75,7.83,7.75,7.83,7.75,7.83,10.0,10.0,10.0,0.0,0
84.67,7.75,7.92,7.83,8.0,7.58,7.75,10.0,10.0,10.0,0.11,0
84.67,8.0,7.83,7.67,7.83,7.67,8.0,10.0,10.0,10.0,0.11,4
84.67,7.67,7.83,7.67,8.0,7.67,7.83,10.0,10.0,10.0,0.12,4
84.67,7.83,7.58,7.67,7.92,7.92,7.83,10.0,10.0,10.0,0.13,3
84.67,7.92,7.83,7.75,7.92,7.67,7.75,10.0,10.0,10.0,0.11,3
84.67,7.67,7.83,7.75,7.75,7.92,7.83,10.0,10.0,10.0,0.0,3
84.67,7.42,7.75,7.75,8.0,8.0,7.92,10.0,10.0,10.0,0.2,3
84.58,7.92,7.75,7.83,7.75,7.58,7.92,10.0,10.0,10.0,0.11,5
84.58,7.83,7.67,7.58,7.92,7.67,7.83,10.0,10.0,10.0,0.0,4
84.58,7.92,7.83,7.58,8.0,7.83,7.67,10.0,10.0,10.0,0.0,5
84.58,7.83,7.83,7.83,7.75,7.58,7.83,10.0,10.0,10.0,0.1,2
84.58,7.75,7.83,7.67,7.92,7.75,7.83,10.0,10.0,10.0,0.11,1
84.58,8.0,7.92,7.67,7.58,7.58,7.67,10.0,10.0,10.0,0.09,0
84.58,7.67,7.67,7.58,7.75,7.58,8.5,10.0,10.0,10.0,0.0,0
84.58,7.75,7.75,7.83,7.75,7.58,8.0,10.0,10.0,10.0,0.0,5
84.58,7.75,7.75,7.75,8.08,7.75,7.75,10.0,10.0,10.0,0.0,0
84.58,7.67,7.83,7.83,8.0,7.58,7.92,10.0,10.0,10.0,0.0,2
84.58,7.75,7.83,7.75,8.0,7.83,7.67,10.0,10.0,10.0,0.12,2
84.58,7.42,7.67,7.75,7.75,8.08,7.83,10.0,10.0,10.0,0.11,6
84.58,8.0,8.0,7.75,7.75,7.58,7.75,10.0,10.0,10.0,0.12,2
84.58,8.5,8.0,7.5,7.75,7.5,7.83,10.0,10.0,10.0,0.11,1
84.5,7.92,7.67,7.92,7.75,7.67,7.58,10.0,10.0,10.0,0.1,2
84.5,7.92,7.75,7.67,7.75,7.83,7.75,10.0,10.0,10.0,0.11,1
84.5,7.75,7.92,7.67,7.83,7.75,7.67,10.0,10.0,10.0,0.1,1
84.5,7.92,7.83,7.83,7.83,7.58,7.58,10.0,10.0,10.0,0.11,0
84.5,8.08,7.67,7.83,7.83,7.67,7.67,10.0,10.0,10.0,0.12,0
84.5,7.67,8.0,7.75,7.83,7.75,7.58,10.0,10.0,10.0,0.0,2
84.5,8.17,7.83,7.67,7.83,7.67,7.83,10.0,10.0,10.0,0.11,2
84.5,7.92,7.83,7.67,8.0,7.67,7.75,10.0,10.0,10.0,0.11,0
84.5,8.0,7.92,7.42,8.08,7.5,7.67,10.0,10.0,10.0,0.12,0
84.5,7.92,7.83,7.75,7.75,7.75,7.83,10.0,10.0,10.0,0.11,4
84.5,7.67,8.0,7.67,8.0,7.5,7.83,10.0,10.0,10.0,0.11,2
84.5,7.81,7.81,7.88,7.75,7.38,8.25,9.5,10.0,10.0,0.0,4
84.5,8.17,7.67,7.75,7.75,7.67,7.75,10.0,10.0,10.0,0.0,0
84.42,7.58,7.83,7.83,8.0,7.67,7.58,10.0,10.0,10.0,0.1,3
84.42,7.67,7.67,7.83,7.58,7.83,7.83,10.0,10.0,10.0,0.0,3
84.42,7.92,7.83,7.75,7.67,7.92,7.67,10.0,10.0,10.0,0.0,1
84.42,7.92,7.75,7.67,7.92,7.67,7.75,10.0,10.0,10.0,0.0,3
84.42,7.83,7.83,7.75,8.0,7.5,7.75,10.0,10.0,10.0,0.11,0
84.42,7.92,7.92,7.5,7.83,7.5,7.92,10.0,10.0,10.0,0.11,1
84.42,7.75,7.92,7.75,7.67,7.83,7.67,10.0,10.0,10.0,0.12,4
84.42,7.5,7.75,7.83,7.92,7.92,7.75,10.0,10.0,10.0,0.2,2
84.33,7.33,7.58,7.83,7.75,7.75,7.92,10.0,10.0,10.0,0.11,4
84.33,7.92,8.0,7.75,7.67,7.67,7.75,10.0,10.0,10.0,0.1,3
84.33,7.58,7.75,7.5,7.83,7.67,8.5,10.0,10.0,10.0,0.0,5
84.33,7.58,7.92,7.58,7.75,7.92,7.75,10.0,10.0,10.0,0.11,2
84.33,7.67,7.67,7.75,7.83,7.75,7.83,10.0,10.0,10.0,0.0,4
84.33,7.75,7.67,8.0,7.67,8.08,7.83,10.0,10.0,10.0,0.11,0
84.33,7.75,7.58,7.33,7.83,7.58,8.08,10.0,10.0,10.0,0.0,0
84.33,8.0,7.75,7.75,7.83,7.5,7.67,10.0,10.0,10.0,0.12,1
84.33,8.17,8.0,7.5,7.75,7.5,7.67,10.0,10.0,10.0,0.0,4
84.33,8.0,8.0,7.5,7.5,7.67,7.75,10.0,10.0,10.0,0.02,2
84.33,7.75,7.75,7.92,7.75,7.5,7.92,10.0,10.0,10.0,0.0,1
84.33,7.5,7.67,7.75,7.67,7.92,7.92,10.0,10.0,10.0,0.04,1
84.25,7.92,7.75,7.75,7.67,7.67,7.83,10.0,10.0,10.0,0.12,0
84.25,7.83,7.75,7.75,7.42,7.83,7.67,10.0,10.0,10.0,0.12,0
84.25,7.83,7.58,7.75,7.58,7.67,8.0,10.0,10.0,10.0,0.11,2
84.25,7.75,7.75,7.58,7.92,7.75,7.75,10.0,10.0,10.0,0.11,4
84.25,7.75,7.92,7.5,8.08,7.58,7.67,10.0,10.0,10.0,0.1,1
84.25,7.83,7.83,7.58,7.75,7.75,7.75,10.0,10.0,10.0,0.1,1
84.25,7.67,7.67,7.75,7.75,7.67,7.92,10.0,10.0,10.0,0.11,3
84.25,7.83,7.67,7.75,7.58,7.92,7.75,10.0,10.0,10.0,0.12,2
84.25,7.83,7.75,7.83,7.58,7.67,7.75,10.0,10.0,10.0,0.12,0
84.25,7.42,7.67,7.83,7.75,7.92,7.83,10.0,10.0,10.0,0.12,0
84.25,7.83,7.67,7.75,7.83,7.67,7.67,10.0,10.0,10.0,0.12,7
84.25,7.83,7.75,7.75,7.75,7.67,7.75,10.0,10.0,10.0,0.12,2
84.25,7.83,7.83,7.5,7.92,7.58,7.75,10.0,10.0,10.0,0.1,1
84.25,7.58,7.5,7.75,7.83,7.92,7.83,10.0,10.0,10.0,0.11,2
84.25,7.33,7.92,7.92,7.92,7.92,8.08,10.0,10.0,9.33,0.11,1
84.25,7.83,7.92,7.67,7.83,7.5,7.75,10.0,10.0,10.0,0.12,1
84.25,7.83,7.83,7.75,7.67,7.83,7.58,10.0,10.0,10.0,0.12,0
84.25,7.83,7.92,7.67,7.75,7.5,7.75,10.0,10.0,10.0,0.1,4
84.25,8.17,7.75,7.58,7.67,7.83,7.58,10.0,10.0,10.0,0.13,29
84.17,7.75,7.83,7.58,7.83,7.67,7.75,10.0,10.0,10.0,0.13,1
84.17,7.83,7.75,7.58,7.67,7.75,7.83,10.0,10.0,10.0,0.0,2
84.17,7.92,7.75,7.67,7.67,7.5,7.67,10.0,10.0,10.0,0.09,2
84.17,7.75,7.75,7.58,8.0,7.67,7.83,10.0,10.0,10.0,0.11,6
84.17,7.75,7.92,7.58,7.92,7.67,7.67,10.0,10.0,10.0,0.1,10
84.17,7.58,7.83,7.58,7.83,7.83,7.67,10.0,10.0,10.0,0.1,2
84.17,8.0,7.5,7.5,7.67,8.0,7.83,10.0,10.0,10.0,0.0,0
84.17,7.67,7.83,7.83,7.5,7.67,7.83,10.0,10.0,10.0,0.12,0
84.17,7.67,7.75,7.75,7.67,7.83,7.75,10.0,10.0,10.0,0.0,16
84.17,7.67,7.75,7.67,7.75,7.5,8.0,10.0,10.0,10.0,0.0,0
84.17,7.5,7.92,7.58,7.83,7.75,7.83,10.0,10.0,10.0,0.1,5
84.17,7.92,7.75,7.75,7.75,7.75,7.58,10.0,10.0,10.0,0.13,0
84.17,7.67,7.5,7.67,7.42,7.83,8.58,10.0,10.0,10.0,0.12,4
84.17,7.67,7.75,7.67,7.75,7.75,7.75,10.0,10.0,10.0,0.11,0
84.17,7.58,7.75,7.75,7.75,7.75,7.83,10.0,10.0,10.0,0.08,0
84.17,7.58,7.83,7.75,7.67,7.67,8.0,10.0,10.0,10.0,0.11,3
84.17,7.92,7.75,7.67,7.67,7.83,7.92,10.0,10.0,10.0,0.11,4
84.17,8.42,8.08,7.5,7.17,7.58,8.17,9.33,10.0,10.0,0.11,2
84.17,7.75,7.75,7.75,7.75,7.83,7.75,10.0,10.0,10.0,0.0,2
84.17,7.83,7.5,7.5,8.0,7.83,7.83,10.0,10.0,10.0,0.11,2
84.17,7.83,7.75,7.5,7.83,7.83,7.75,10.0,10.0,10.0,0.11,1
84.13,7.81,7.88,7.56,7.75,7.63,7.75,10.0,10.0,10.0,0.12,0
84.08,7.83,7.5,7.42,7.5,7.83,8.5,10.0,10.0,10.0,0.0,3
84.08,7.58,7.67,7.67,7.67,7.75,7.83,10.0,10.0,10.0,0.1,4
84.08,8.0,7.75,7.5,7.58,7.92,7.67,10.0,10.0,10.0,0.1,4
84.08,7.92,7.75,7.67,7.75,7.67,7.67,10.0,10.0,10.0,0.0,2
84.08,7.58,7.75,7.67,8.0,7.75,7.67,10.0,10.0,10.0,0.1,10
84.08,7.83,7.75,7.83,7.83,7.42,8.08,9.33,10.0,10.0,0.11,9
84.08,7.67,7.75,7.67,7.75,7.67,7.75,10.0,10.0,10.0,0.11,10
84.08,7.92,7.92,7.83,8.0,7.92,7.92,10.0,10.0,8.67,0.09,15
84.0,7.58,7.75,7.67,7.75,7.83,7.75,10.0,10.0,10.0,0.08,13
84.0,7.83,7.75,7.67,7.75,7.33,7.75,10.0,10.0,10.0,0.11,1
84.0,7.42,7.83,7.75,7.92,7.75,7.58,10.0,10.0,10.0,0.1,5
84.0,7.67,7.83,7.58,7.92,7.75,7.67,10.0,10.0,10.0,0.12,7
84.0,7.67,7.67,7.83,7.58,7.58,7.83,10.0,10.0,10.0,0.11,7
84.0,7.92,7.67,7.42,7.92,7.75,7.83,10.0,10.0,10.0,0.1,1
84.0,7.75,7.83,7.5,7.83,7.58,7.67,10.0,10.0,10.0,0.1,0
84.0,7.67,7.75,7.67,7.67,7.67,7.75,10.0,10.0,10.0,0.12,0
84.0,7.58,7.42,7.75,7.92,7.75,7.92,10.0,10.0,10.0,0.12,0
84.0,7.67,7.67,7.5,7.5,7.67,7.67,10.0,10.0,10.0,0.12,3
84.0,7.75,7.75,7.5,7.58,7.67,7.92,10.0,10.0,10.0,0.09,40
84.0,7.58,7.83,7.67,7.25,8.0,7.75,10.0,10.0,10.0,0.1,0
84.0,7.67,7.83,7.67,7.75,7.67,7.75,10.0,10.0,10.0,0.11,1
84.0,7.67,7.83,7.5,7.75,7.92,7.67,10.0,10.0,10.0,0.0,2
84.0,7.92,8.17,8.17,8.42,8.08,8.17,8.67,8.67,9.33,0.12,0
84.0,7.67,7.75,7.67,7.75,7.83,7.67,10.0,10.0,10.0,0.0,0
84.0,7.92,7.75,7.58,7.67,7.67,7.83,10.0,10.0,10.0,0.1,26
84.0,7.58,7.75,7.58,7.75,7.58,7.75,10.0,10.0,10.0,0.06,0
83.92,7.5,7.75,7.58,7.5,7.58,7.5,10.0,10.0,10.0,0.0,3
83.92,7.83,7.83,7.58,7.92,7.42,7.5,10.0,10.0,10.0,0.11,5
83.92,7.67,7.75,7.5,7.67,7.67,7.83,10.0,10.0,10.0,0.1,1
83.92,7.58,7.67,7.67,7.75,7.58,7.83,10.0,10.0,10.0,0.11,7
83.92,7.83,7.75,7.83,7.75,7.83,7.75,9.33,10.0,10.0,0.11,3
83.92,7.75,7.67,7.5,7.75,7.83,7.75,10.0,10.0,10.0,0.11,2
83.92,7.75,7.58,7.5,7.83,7.75,7.92,10.0,10.0,10.0,0.0,5
83.92,7.75,7.75,7.58,7.75,7.75,7.67,10.0,10.0,10.0,0.0,0
83.92,7.92,7.67,7.5,7.83,7.58,7.67,10.0,10.0,10.0,0.0,0
83.92,7.83,7.75,7.58,7.58,7.75,7.75,10.0,10.0,10.0,0.0,1
83.92,7.75,7.58,7.67,7.83,7.83,7.67,10.0,10.0,10.0,0.0,1
83.92,8.0,7.92,7.92,7.92,7.67,7.33,10.0,10.0,10.0,0.06,0
83.92,7.67,7.83,7.67,7.75,7.67,7.83,10.0,10.0,10.0,0.12,3
83.92,7.67,7.75,7.58,7.67,7.75,7.83,10.0,10.0,10.0,0.12,32
83.92,7.5,7.67,7.58,7.83,7.75,7.75,10.0,10.0,10.0,0.11,2
83.92,7.75,7.92,7.83,7.92,7.75,7.67,9.33,10.0,10.0,0.0,2
83.83,7.92,7.58,7.5,7.83,7.58,7.67,10.0,10.0,10.0,0.0,6
83.83,7.83,7.67,7.5,7.75,7.75,7.75,10.0,10.0,10.0,0.0,0
83.83,7.67,7.67,7.75,7.67,7.5,7.75,10.0,10.0,10.0,0.0,0
83.83,7.75,7.75,7.5,7.75,7.83,7.58,10.0,10.0,10.0,0.11,6
83.83,7.75,7.67,7.5,7.75,7.75,7.67,10.0,10.0,10.0,0.0,0
83.83,7.25,7.58,7.42,8.0,7.75,7.83,10.0,10.0,10.0,0.0,0
83.83,7.67,7.75,7.67,7.75,7.42,7.75,10.0,10.0,10.0,0.0,1
83.83,7.75,7.75,7.67,7.67,7.58,7.67,10.0,10.0,10.0,0.12,4
83.83,7.67,7.67,7.58,7.5,7.83,8.17,10.0,10.0,9.33,0.0,1
83.83,7.83,7.42,7.5,7.83,7.75,7.83,10.0,10.0,10.0,0.1,3
83.83,7.58,7.83,7.33,8.0,7.58,7.75,10.0,10.0,10.0,0.1,1
83.83,7.92,7.5,7.33,7.67,8.17,7.5,10.0,10.0,10.0,0.1,0
83.83,7.5,7.67,7.58,7.75,7.83,7.83,10.0,10.0,10.0,0.09,0
83.83,7.67,7.58,7.58,7.83,7.58,7.67,10.0,10.0,10.0,0.11,1
83.83,7.5,7.83,7.5,7.83,7.83,7.67,10.0,10.0,10.0,0.11,3
83.83,7.67,8.0,7.67,7.42,7.67,7.5,10.0,10.0,10.0,0.1,2
83.83,7.67,7.58,7.5,7.75,7.75,7.75,10.0,10.0,10.0,0.11,4
83.83,7.83,7.83,7.58,7.67,7.5,7.58,10.0,10.0,10.0,0.12,3
83.83,7.75,7.75,7.58,8.0,7.67,7.58,10.0,10.0,10.0,0.02,2
83.83,7.5,7.83,7.58,7.58,7.75,7.83,10.0,10.0,10.0,0.01,0
83.83,7.58,7.83,7.58,8.0,7.83,7.5,10.0,10.0,10.0,0.1,3
83.75,7.75,7.58,7.5,7.58,7.75,7.75,10.0,10.0,10.0,0.11,2
83.75,7.67,7.67,7.58,7.75,7.67,7.67,10.0,10.0,10.0,0.11,5
83.75,7.83,7.83,7.58,7.58,7.58,7.58,10.0,10.0,10.0,0.11,1
83.75,7.67,7.67,7.58,7.58,7.67,7.83,10.0,10.0,10.0,0.0,0
83.75,7.92,7.75,7.5,7.67,7.75,7.5,10.0,10.0,10.0,0.0,4
83.75,7.83,7.75,7.67,7.5,7.58,7.67,10.0,10.0,10.0,0.1,2
83.75,7.75,7.67,7.5,7.67,7.58,7.83,10.0,10.0,10.0,0.0,0
83.75,8.0,7.92,7.58,7.75,7.33,7.5,10.0,10.0,10.0,0.12,0
83.75,7.83,7.83,7.83,7.67,8.0,8.17,9.33,9.33,10.0,0.12,1
83.75,7.67,7.67,7.67,7.92,7.5,7.67,10.0,10.0,10.0,0.0,5
83.75,7.67,7.42,7.42,7.42,8.0,8.33,10.0,10.0,10.0,0.0,3
83.75,7.58,7.67,7.75,7.67,7.67,7.67,10.0,10.0,10.0,0.0,1
83.75,7.75,7.67,7.75,7.58,7.42,8.0,10.0,10.0,10.0,0.11,3
83.75,7.25,7.42,7.67,7.58,7.83,8.25,10.0,10.0,10.0,0.0,0
83.75,7.83,7.58,7.58,7.5,7.75,7.67,10.0,10.0,10.0,0.13,5
83.75,7.67,7.58,7.58,7.67,7.75,7.75,10.0,10.0,10.0,0.11,1
83.75,7.83,7.83,7.58,7.33,7.42,7.67,10.0,10.0,10.0,0.1,1
83.75,7.75,7.67,7.25,7.25,7.58,8.5,10.0,10.0,10.0,0.06,1
83.75,7.83,7.67,7.75,7.67,7.58,7.5,10.0,10.0,10.0,0.0,0
83.67,7.67,7.83,7.5,7.67,7.67,7.5,10.0,10.0,10.0,0.11,2
83.67,8.08,7.67,7.67,7.58,7.25,7.67,10.0,10.0,10.0,0.11,0
83.67,7.5,7.5,7.67,7.67,8.0,8.0,10.0,10.0,10.0,0.1,2
83.67,7.67,7.75,7.67,7.67,7.83,7.58,10.0,10.0,10.0,0.1,3
83.67,7.58,7.75,7.58,7.75,7.58,7.58,10.0,10.0,10.0,0.11,3
83.67,7.5,7.67,7.33,7.92,7.83,7.67,10.0,10.0,10.0,0.1,0
83.67,7.33,7.67,7.67,7.5,7.67,7.5,10.0,10.0,10.0,0.11,1
83.67,7.5,7.75,7.58,7.83,7.67,7.58,10.0,10.0,10.0,0.12,0
83.67,7.5,7.75,7.5,7.75,7.67,7.67,10.0,10.0,10.0,0.11,4
83.67,8.0,7.5,7.33,8.0,8.0,8.0,9.33,10.0,10.0,0.1,0
83.67,7.83,7.75,7.67,7.58,7.58,7.67,10.0,10.0,10.0,0.0,3
83.67,7.67,7.67,7.67,7.67,7.33,7.75,10.0,10.0,10.0,0.0,1
83.67,7.67,7.67,7.42,7.67,8.0,7.75,10.0,10.0,10.0,0.12,3
83.67,7.83,7.67,7.33,7.67,7.67,7.83,10.0,10.0,10.0,0.11,2
83.67,7.75,7.75,7.58,7.83,7.17,7.75,10.0,10.0,10.0,0.11,1
83.67,8.17,8.17,7.83,7.67,8.08,7.75,9.33,9.33,9.33,0.11,1
83.67,7.67,8.17,7.5,7.42,7.58,7.83,10.0,10.0,10.0,0.11,13
83.67,7.67,7.5,7.5,7.33,7.83,8.25,10.0,10.0,10.0,0.12,11
83.67,8.17,7.67,7.58,7.58,7.42,7.67,10.0,10.0,10.0,0.12,0
83.67,7.67,7.5,7.33,8.0,7.67,7.67,10.0,10.0,10.0,0.1,0
83.67,7.75,8.0,7.92,8.08,7.75,8.0,9.33,9.33,9.33,0.0,0
83.58,7.58,7.67,7.58,7.58,7.67,7.58,10.0,10.0,10.0,0.11,5
83.58,7.75,7.75,7.5,7.83,7.58,7.58,10.0,10.0,10.0,0.11,0
83.58,7.75,7.75,7.58,7.58,7.67,7.58,10.0,10.0,10.0,0.11,4
83.58,7.67,7.58,7.58,7.58,7.67,7.75,10.0,10.0,10.0,0.1,4
83.58,7.67,7.75,7.58,7.67,7.75,7.58,10.0,10.0,10.0,0.12,3
83.58,7.75,7.75,7.58,7.58,7.5,7.67,10.0,10.0,10.0,0.12,13
83.58,7.75,7.67,7.58,7.67,7.5,7.67,10.0,10.0,10.0,0.0,7
83.58,7.67,7.67,7.42,7.75,7.75,7.67,10.0,10.0,10.0,0.12,5
83.58,7.67,7.58,7.67,7.67,7.67,7.67,10.0,10.0,10.0,0.0,0
83.58,7.67,7.58,7.67,7.58,7.67,7.75,10.0,10.0,10.0,0.12,1
83.58,7.75,7.58,7.5,7.58,7.75,7.83,10.0,10.0,10.0,0.0,0
83.58,7.75,7.75,7.75,7.75,7.5,7.58,10.0,10.0,10.0,0.11,0
83.58,7.67,7.67,7.58,7.67,7.75,7.58,10.0,10.0,10.0,0.11,3
83.58,7.83,7.67,7.58,7.58,7.67,7.58,10.0,10.0,10.0,0.12,2
83.58,7.67,7.58,7.58,7.58,7.67,7.75,10.0,10.0,10.0,0.11,4
83.58,7.83,7.75,7.5,7.75,7.5,7.58,10.0,10.0,10.0,0.12,2
83.5,7.75,7.58,7.58,7.75,7.75,7.5,10.0,10.0,10.0,0.0,5
83.5,7.58,7.58,7.17,7.17,7.0,7.0,10.0,10.0,10.0,0.11,0
83.5,7.92,7.42,7.5,7.67,7.5,7.67,10.0,10.0,10.0,0.0,0
83.5,7.75,7.58,7.58,7.5,7.75,7.75,10.0,10.0,10.0,0.0,0
83.5,7.67,7.75,7.5,7.83,7.58,7.58,10.0,10.0,10.0,0.1,5
83.5,7.58,7.58,7.58,7.58,7.75,7.67,10.0,10.0,10.0,0.12,4
83.5,7.75,7.67,7.58,7.67,7.67,7.58,10.0,10.0,10.0,0.13,21
83.5,7.25,7.67,7.58,7.92,7.83,7.58,10.0,10.0,10.0,0.13,8
83.5,7.67,7.75,7.5,7.58,7.75,7.67,10.0,10.0,10.0,0.1,18
83.5,7.67,7.42,7.67,7.83,7.58,7.67,10.0,10.0,10.0,0.0,0
83.5,8.0,7.58,7.25,7.58,7.92,7.58,10.0,10.0,10.0,0.11,0
83.5,7.58,7.75,7.5,7.83,7.42,7.67,10.0,10.0,10.0,0.1,0
83.5,7.75,7.58,7.33,7.5,7.83,7.83,10.0,10.0,10.0,0.0,0
83.5,7.67,7.5,7.67,7.5,7.67,7.67,10.0,10.0,10.0,0.1,3
83.5,7.58,7.75,7.42,7.67,7.75,7.67,10.0,10.0,10.0,0.0,1
83.5,7.58,7.67,7.58,7.75,7.58,7.75,10.0,10.0,10.0,0.11,2
83.5,7.83,7.58,7.25,7.5,7.5,7.42,10.0,10.0,10.0,0.13,14
83.5,7.67,7.75,7.67,7.75,7.58,7.5,10.0,10.0,10.0,0.11,12
83.5,7.75,7.67,7.67,7.75,7.33,7.5,10.0,10.0,10.0,0.12,0
83.5,7.83,7.5,7.5,8.0,7.67,7.5,10.0,10.0,10.0,0.1,5
83.5,7.67,7.58,7.58,7.67,7.67,7.67,10.0,10.0,10.0,0.11,0
83.5,7.5,7.5,7.75,7.5,8.0,7.67,10.0,10.0,10.0,0.0,12
83.5,7.5,7.67,7.58,7.92,7.58,7.67,10.0,10.0,10.0,0.01,0
83.5,7.83,7.58,7.58,7.58,7.75,7.58,10.0,10.0,10.0,0.0,0
83.42,7.5,7.58,7.58,7.5,7.75,7.83,10.0,10.0,10.0,0.0,1
83.42,7.67,7.75,7.5,7.58,7.58,7.67,10.0,10.0,10.0,0.1,3
83.42,7.67,7.67,7.5,7.67,7.67,7.58,10.0,10.0,10.0,0.11,2
83.42,7.58,7.5,7.42,7.92,7.5,7.67,10.0,10.0,10.0,0.09,4
83.42,7.67,7.67,7.0,7.08,7.0,7.0,10.0,10.0,10.0,0.11,0
83.42,7.58,7.75,7.33,7.75,7.67,7.58,10.0,10.0,10.0,0.11,1
83.42,7.5,7.58,7.75,7.5,7.75,7.67,10.0,10.0,10.0,0.13,0
83.42,7.58,7.5,7.75,7.58,7.75,7.67,10.0,10.0,10.0,0.11,0
83.42,7.58,7.67,7.58,7.67,7.58,7.67,10.0,10.0,10.0,0.12,0
83.42,7.33,7.83,7.75,7.5,7.42,7.83,10.0,10.0,10.0,0.12,6
83.42,7.75,7.67,7.58,7.67,7.58,7.58,10.0,10.0,10.0,0.13,4
83.42,7.58,7.58,7.25,7.75,7.75,8.58,9.33,10.0,10.0,0.12,1
83.42,7.75,7.83,7.33,7.83,7.5,7.67,10.0,10.0,10.0,0.1,1
83.42,7.67,7.75,7.5,7.83,7.58,7.5,10.0,10.0,10.0,0.1,2
83.42,7.67,7.5,7.75,7.42,7.75,7.75,10.0,10.0,10.0,0.11,0
83.42,7.42,7.75,7.67,7.58,7.67,7.67,10.0,10.0,10.0,0.0,2
83.42,7.5,7.75,7.58,7.5,7.67,7.75,10.0,10.0,10.0,0.11,2
83.42,7.58,7.58,7.58,7.67,7.75,7.67,10.0,10.0,10.0,0.1,3
83.42,7.5,7.92,7.42,7.67,7.83,7.58,10.0,10.0,10.0,0.01,0
83.42,7.58,7.25,7.5,7.92,7.92,7.42,10.0,10.0,10.0,0.11,0
83.38,7.25,7.88,7.38,7.63,7.5,8.75,9.0,10.0,10.0,0.09,4
83.33,7.75,7.5,7.75,7.58,7.58,7.58,10.0,10.0,10.0,0.0,0
83.33,7.67,7.58,7.58,7.42,7.67,7.75,10.0,10.0,10.0,0.0,0
83.33,7.83,7.58,7.58,7.58,7.5,7.58,10.0,10.0,10.0,0.0,2
83.33,7.5,7.83,7.33,7.58,7.58,7.92,10.0,10.0,10.0,0.1,5
83.33,7.75,7.75,7.5,7.67,7.5,7.58,10.0,10.0,10.0,0.12,2
83.33,7.67,7.75,7.42,7.83,7.83,7.42,10.0,10.0,10.0,0.11,1
83.33,7.75,7.58,7.67,7.58,7.58,7.58,10.0,10.0,10.0,0.12,6
83.33,7.67,7.67,7.58,7.67,7.5,7.58,10.0,10.0,10.0,0.12,0
83.33,7.67,7.67,7.42,7.67,7.67,7.67,10.0,10.0,10.0,0.12,3
83.33,7.83,7.58,7.83,7.67,7.92,8.0,9.33,10.0,9.33,0.11,1
83.33,7.5,7.67,7.67,7.5,7.83,7.17,10.0,10.0,10.0,0.11,3
83.33,7.83,7.75,7.58,7.83,7.92,7.58,9.33,10.0,10.0,0.12,5
83.33,7.58,7.5,7.67,7.5,7.83,7.42,10.0,10.0,10.0,0.11,4
83.33,7.67,7.67,7.5,7.67,7.92,7.42,10.0,10.0,10.0,0.11,1
83.33,7.83,7.67,7.17,7.67,7.67,7.67,10.0,10.0,10.0,0.11,3
83.33,7.92,7.5,7.58,7.83,7.67,7.67,9.33,10.0,10.0,0.1,4
83.33,7.75,7.67,7.33,7.5,7.5,7.75,10.0,10.0,10.0,0.0,5
83.33,7.5,7.67,7.67,7.58,7.67,7.58,10.0,10.0,10.0,0.0,1
83.33,8.08,7.83,7.83,7.75,7.67,7.58,9.33,10.0,9.33,0.01,0
83.33,7.58,7.67,7.58,7.5,7.83,7.67,10.0,10.0,10.0,0.0,0
83.25,7.67,7.83,7.42,7.83,7.33,7.5,10.0,10.0,10.0,0.11,0
83.25,7.5,7.5,7.83,7.5,7.67,7.67,10.0,10.0,10.0,0.11,0
83.25,7.83,7.5,7.42,7.67,7.5,7.67,10.0,10.0,10.0,0.11,0
83.25,7.5,7.58,7.42,7.83,7.67,7.58,10.0,10.0,10.0,0.11,7
83.25,7.5,7.67,7.67,7.42,7.67,7.67,10.0,10.0,10.0,0.12,1
83.25,7.58,7.67,7.42,7.5,7.67,7.42,10.0,10.0,10.0,0.12,4
83.25,7.58,7.67,7.67,7.17,7.75,7.83,10.0,10.0,10.0,0.0,2
83.25,7.83,7.75,7.5,7.58,7.58,7.58,10.0,10.0,10.0,0.12,2
83.25,7.67,7.5,7.5,7.5,7.67,7.83,10.0,10.0,10.0,0.1,0
83.25,7.92,7.83,7.75,7.58,7.5,7.33,10.0,10.0,10.0,0.1,0
83.25,7.58,7.58,7.5,7.58,7.58,7.75,10.0,10.0,10.0,0.0,0
83.25,7.5,7.67,7.58,7.67,7.67,7.5,10.0,10.0,10.0,0.1,1
83.25,7.83,7.5,7.67,7.33,7.67,7.67,10.0,10.0,10.0,0.11,1
83.25,7.58,7.75,7.5,7.5,7.58,7.58,10.0,10.0,10.0,0.12,6
83.25,7.58,7.75,7.83,8.0,8.08,7.67,9.33,10.0,9.33,0.11,4
83.25,7.75,7.58,7.58,7.58,7.5,7.58,10.0,10.0,10.0,0.13,7
83.25,7.75,7.75,7.42,7.92,7.33,7.5,10.0,10.0,10.0,0.12,0
83.25,7.83,7.58,7.08,7.83,7.42,8.08,10.0,10.0,10.0,0.11,9
83.25,7.75,7.67,7.5,7.58,7.58,7.58,10.0,10.0,10.0,0.11,1
83.25,7.67,7.58,7.58,7.42,7.83,7.58,10.0,10.0,10.0,0.12,1
83.25,7.67,7.67,7.5,7.5,7.58,7.67,10.0,10.0,10.0,0.11,0
83.25,7.92,7.75,7.25,7.42,7.83,7.58,10.0,10.0,10.0,0.08,0
83.25,8.0,7.67,7.67,7.25,7.67,7.5,10.0,10.0,10.0,0.13,1
83.25,7.92,7.75,7.5,7.42,7.42,7.67,10.0,10.0,10.0,0.04,1
83.17,7.67,7.42,7.5,7.58,7.67,7.58,10.0,10.0,10.0,0.11,4
83.17,7.58,7.58,7.33,7.67,7.75,7.58,10.0,10.0,10.0,0.1,1
83.17,7.67,7.58,7.42,7.67,7.67,7.58,10.0,10.0,10.0,0.12,3
83.17,7.92,7.5,7.5,7.58,7.67,7.5,10.0,10.0,10.0,0.11,0
83.17,7.58,7.42,7.08,7.33,7.58,8.58,10.0,10.0,10.0,0.07,0
83.17,7.67,7.75,7.42,7.75,7.58,7.5,10.0,10.0,10.0,0.11,3
83.17,7.67,7.67,7.5,7.67,7.5,7.67,10.0,10.0,10.0,0.11,1
83.17,7.5,7.67,7.33,7.67,7.67,7.67,10.0,10.0,10.0,0.11,0
83.17,7.67,7.67,7.5,7.67,7.42,7.58,10.0,10.0,10.0,0.1,3
83.17,7.5,7.5,7.33,7.67,8.0,7.67,10.0,10.0,10.0,0.0,0
83.17,7.5,7.75,7.5,7.83,7.58,7.5,10.0,10.0,10.0,0.11,1
83.17,7.92,7.67,7.42,7.75,7.5,7.5,10.0,10.0,10.0,0.12,3
83.17,7.83,7.75,7.67,7.75,7.83,8.5,9.33,9.33,9.33,0.1,1
83.17,7.67,7.58,7.58,7.75,7.42,7.67,10.0,10.0,10.0,0.12,0
83.17,7.58,7.67,7.67,7.58,7.42,7.58,10.0,10.0,10.0,0.13,6
83.17,7.58,7.5,7.5,7.67,7.5,7.67,10.0,10.0,10.0,0.0,4
83.17,8.0,7.67,7.5,7.42,7.33,7.58,10.0,10.0,10.0,0.1,0
83.17,7.58,7.75,7.5,7.58,7.58,7.58,10.0,10.0,10.0,0.11,3
83.17,7.5,7.5,7.5,7.67,7.67,7.67,10.0,10.0,10.0,0.1,5
83.17,7.67,7.67,7.5,7.67,7.5,7.67,10.0,10.0,10.0,0.11,3
83.17,7.33,7.83,7.17,8.17,7.33,7.67,10.0,10.0,10.0,0.09,1
83.17,7.5,7.5,7.58,7.42,7.92,7.67,10.0,10.0,10.0,0.11,0
83.17,7.58,7.5,7.58,7.75,7.58,7.58,10.0,10.0,10.0,0.12,1
83.17,7.67,7.83,7.33,7.67,7.5,7.67,10.0,10.0,10.0,0.11,2
83.17,7.75,7.58,7.58,7.58,7.5,7.42,10.0,10.0,10.0,0.11,2
83.17,7.75,7.67,7.58,7.5,7.42,7.58,10.0,10.0,10.0,0.12,8
83.17,7.58,7.75,7.42,7.67,7.5,7.58,10.0,10.0,10.0,0.14,10
83.17,7.67,7.5,7.5,7.5,7.58,8.17,10.0,10.0,10.0,0.11,2
83.17,7.75,7.5,7.42,7.75,7.58,7.58,10.0,10.0,10.0,0.13,5
83.17,7.58,7.67,7.5,7.58,7.67,7.67,10.0,10.0,10.0,0.11,0
83.17,7.5,7.75,7.58,7.58,7.67,7.5,10.0,10.0,10.0,0.11,5
83.17,7.75,7.67,7.58,7.5,7.58,7.58,10.0,10.0,10.0,0.12,1
83.17,7.92,7.58,7.5,7.58,7.42,7.5,10.0,10.0,10.0,0.11,4
83.17,7.75,7.5,7.67,7.5,7.92,8.0,10.0,10.0,9.33,0.0,10
83.17,7.75,7.5,7.58,7.5,7.75,7.5,10.0,10.0,10.0,0.12,3
83.17,7.58,7.75,7.67,7.5,7.67,7.58,10.0,10.0,10.0,0.02,2
83.17,7.42,7.83,8.17,8.08,7.17,7.58,10.0,9.33,10.0,0.14,3
83.17,7.75,8.0,7.67,8.08,7.83,7.92,9.33,9.33,9.33,0.01,0
83.08,7.58,7.67,7.33,7.67,7.75,7.58,10.0,10.0,10.0,0.0,4
83.08,7.75,7.5,7.5,7.42,8.0,7.75,10.0,10.0,10.0,0.0,5
83.08,7.58,7.58,7.58,7.5,7.67,7.58,10.0,10.0,10.0,0.11,2
83.08,7.33,7.67,7.67,7.33,7.75,7.42,10.0,10.0,10.0,0.0,3
83.08,7.83,7.92,7.5,7.83,7.67,7.25,9.33,10.0,10.0,0.0,0
83.08,7.42,7.67,7.58,7.5,7.75,7.67,10.0,10.0,10.0,0.11,13
83.08,7.58,7.83,7.67,7.42,7.42,7.5,10.0,10.0,10.0,0.0,1
83.08,7.83,7.33,7.5,7.67,7.58,7.67,10.0,10.0,10.0,0.1,3
83.08,7.33,7.75,7.58,7.33,7.83,7.67,10.0,10.0,10.0,0.12,8
83.08,7.75,7.75,7.5,7.5,7.5,7.5,10.0,10.0,10.0,0.11,0
83.08,7.83,7.83,7.33,7.17,7.75,7.67,10.0,10.0,10.0,0.1,0
83.08,7.75,7.67,7.42,7.75,7.5,7.5,10.0,10.0,10.0,0.1,1
83.08,7.67,7.58,7.5,7.67,7.92,8.0,9.33,9.33,10.0,0.0,4
83.08,7.33,7.58,7.58,7.92,7.67,7.58,10.0,10.0,10.0,0.12,0
83.08,7.33,7.33,7.33,7.58,7.25,8.08,10.0,10.0,10.0,0.01,0
83.08,7.83,7.75,7.33,7.25,7.42,7.92,10.0,10.0,10.0,0.08,3
83.08,7.67,7.58,7.5,7.58,7.67,7.58,10.0,10.0,10.0,0.0,0
83.08,7.92,7.67,7.67,7.25,7.83,7.67,9.33,10.0,10.0,0.02,1
83.0,7.58,7.5,7.5,7.75,7.67,7.5,10.0,10.0,10.0,0.0,4
83.0,7.5,7.58,7.58,7.67,7.58,7.5,10.0,10.0,10.0,0.11,5
83.0,7.5,7.67,7.58,7.67,7.58,7.42,10.0,10.0,10.0,0.11,3
83.0,7.67,7.58,7.42,7.42,7.83,7.5,10.0,10.0,10.0,0.12,6
83.0,7.67,7.67,7.5,7.58,7.42,7.5,10.0,10.0,10.0,0.12,8
83.0,7.67,7.67,7.33,7.67,7.5,7.58,10.0,10.0,10.0,0.11,4
83.0,7.75,7.67,7.58,7.58,7.42,7.67,9.33,10.0,10.0,0.0,0
83.0,7.67,7.75,7.33,7.92,7.42,7.5,10.0,10.0,10.0,0.11,3
83.0,7.75,7.67,7.33,7.75,7.5,7.42,10.0,10.0,10.0,0.11,2
83.0,7.83,7.67,7.25,7.67,7.75,7.5,10.0,10.0,10.0,0.11,2
83.0,7.67,7.67,7.67,7.5,7.42,7.5,10.0,10.0,10.0,0.0,0
83.0,7.92,7.92,7.83,7.58,7.33,7.25,10.0,10.0,10.0,0.08,0
83.0,7.83,7.58,7.5,7.5,7.58,7.5,10.0,10.0,10.0,0.12,0
83.0,7.67,7.5,7.67,7.83,7.75,7.83,10.0,10.0,9.33,0.0,0
83.0,7.67,7.67,7.42,7.83,7.5,7.5,10.0,10.0,10.0,0.1,0
83.0,7.67,7.58,7.5,7.58,7.5,7.5,10.0,10.0,10.0,0.11,3
83.0,7.75,7.58,7.42,7.67,7.42,7.67,10.0,10.0,10.0,0.12,4
83.0,7.75,7.42,7.33,7.5,7.58,7.17,10.0,10.0,10.0,0.11,1
83.0,7.83,7.5,7.58,7.33,7.5,7.67,10.0,10.0,10.0,0.0,0
83.0,7.33,7.67,7.75,7.42,7.75,7.58,10.0,10.0,10.0,0.11,1
83.0,7.58,7.75,7.42,7.67,7.58,7.42,10.0,10.0,10.0,0.0,2
83.0,7.5,7.5,7.42,7.58,7.75,7.58,10.0,10.0,10.0,0.11,2
83.0,7.67,7.58,7.42,7.5,7.67,7.58,10.0,10.0,10.0,0.11,20
83.0,7.67,7.83,7.5,7.58,7.58,7.67,9.33,10.0,10.0,0.11,7
83.0,7.5,7.67,7.5,7.5,7.58,7.58,10.0,10.0,10.0,0.11,8
83.0,7.67,7.58,7.5,7.5,7.75,7.5,10.0,10.0,10.0,0.0,4
83.0,7.75,7.58,7.5,7.67,7.83,7.75,9.33,10.0,10.0,0.0,4
83.0,7.67,7.58,7.58,7.58,7.67,7.42,10.0,10.0,10.0,0.11,0
83.0,7.5,7.67,7.5,7.67,7.5,7.83,10.0,10.0,10.0,0.1,2
83.0,7.67,7.67,7.58,7.5,7.67,7.42,10.0,10.0,10.0,0.12,0
83.0,7.33,7.67,7.58,7.5,7.75,7.67,10.0,10.0,10.0,0.28,0
83.0,7.33,7.67,7.58,7.33,7.58,7.92,10.0,10.0,10.0,0.08,1
83.0,7.83,7.83,7.67,7.83,7.92,7.83,9.33,9.33,9.33,0.0,0
83.0,7.5,7.58,7.42,7.58,7.58,7.67,10.0,10.0,10.0,0.0,1
83.0,7.5,7.58,7.67,7.67,7.58,7.58,10.0,10.0,10.0,0.06,2
83.0,7.58,7.83,7.75,7.92,7.92,8.08,9.33,9.33,9.33,0.07,0
83.0,7.5,7.25,7.42,7.75,8.17,7.5,10.0,10.0,10.0,0.0,0
82.92,7.67,7.58,7.5,7.58,7.58,7.5,10.0,10.0,10.0,0.0,0
82.92,7.5,7.5,7.75,7.58,7.92,7.83,10.0,10.0,9.33,0.0,1
82.92,7.58,7.67,7.5,7.33,7.67,7.58,10.0,10.0,10.0,0.11,1
82.92,7.17,7.83,7.25,7.67,7.67,7.58,10.0,10.0,10.0,0.09,0
82.92,7.58,7.58,7.5,7.5,7.58,7.58,10.0,10.0,10.0,0.0,20
82.92,7.5,7.58,7.67,7.33,7.5,7.75,10.0,10.0,10.0,0.0,9
82.92,7.58,7.58,7.67,7.58,7.5,7.5,10.0,10.0,10.0,0.11,1
82.92,8.08,7.5,7.67,7.42,7.33,7.5,10.0,10.0,10.0,0.0,0
82.92,7.83,7.67,7.25,7.58,7.5,7.5,10.0,10.0,10.0,0.13,3
82.92,7.75,7.67,7.42,7.42,7.75,7.5,10.0,10.0,10.0,0.12,8
82.92,7.08,7.5,7.5,7.83,7.75,7.67,10.0,10.0,10.0,0.11,16
82.92,8.0,7.5,7.5,7.58,7.33,7.42,10.0,10.0,10.0,0.12,0
82.92,7.75,7.58,7.58,7.5,7.5,7.5,10.0,10.0,10.0,0.12,4
82.92,7.75,7.5,7.42,7.58,7.67,7.5,10.0,10.0,10.0,0.1,1
82.92,7.67,7.83,7.42,7.5,7.33,7.5,10.0,10.0,10.0,0.1,2
82.92,7.58,7.58,7.25,7.58,7.58,7.58,10.0,10.0,10.0,0.1,4
82.92,7.58,7.5,7.75,7.33,7.58,7.58,10.0,10.0,10.0,0.11,2
82.92,7.75,7.5,7.25,7.5,7.75,7.5,10.0,10.0,10.0,0.0,0
82.92,7.83,7.75,7.25,7.92,7.5,7.17,10.0,10.0,10.0,0.11,2
82.92,7.83,7.67,7.42,7.42,7.5,7.58,10.0,10.0,10.0,0.11,5
82.92,7.58,7.58,7.33,7.25,7.58,7.75,10.0,10.0,10.0,0.1,4
82.92,7.67,7.33,7.17,7.58,8.08,7.42,10.0,10.0,10.0,0.0,17
82.92,8.0,7.92,7.67,7.17,7.67,7.42,9.33,10.0,10.0,0.14,4
82.92,7.5,7.5,7.5,7.42,7.67,7.83,10.0,10.0,10.0,0.1,0
82.92,7.5,7.75,7.33,7.75,7.08,7.83,10.0,10.0,10.0,0.15,0
82.92,7.42,7.58,7.5,7.17,7.5,8.0,10.0,10.0,10.0,0.0,0
82.83,7.75,7.58,7.42,7.58,7.5,7.5,10.0,10.0,10.0,0.1,3
82.83,7.5,7.58,7.33,7.67,7.58,7.58,10.0,10.0,10.0,0.11,2
82.83,7.67,7.58,7.58,7.5,7.5,7.42,10.0,10.0,10.0,0.11,2
82.83,7.33,7.67,7.67,7.83,7.33,7.67,10.0,10.0,10.0,0.0,4
82.83,7.83,7.92,7.75,7.83,7.75,7.75,9.33,9.33,9.33,0.11,0
82.83,7.25,7.58,7.5,7.42,7.75,7.42,10.0,10.0,10.0,0.11,0
82.83,7.58,7.58,7.33,7.67,7.67,7.5,10.0,10.0,10.0,0.11,2
82.83,7.58,7.83,7.33,7.67,7.42,7.33,10.0,10.0,10.0,0.12,6
82.83,7.83,7.67,7.5,7.58,7.5,7.67,10.0,10.0,10.0,0.0,1
82.83,7.42,7.58,7.25,7.5,7.75,7.75,10.0,10.0,10.0,0.0,9
82.83,7.67,7.67,7.75,7.67,7.42,7.17,10.0,10.0,10.0,0.1,4
82.83,7.5,7.42,7.58,7.5,7.58,7.58,10.0,10.0,10.0,0.0,4
82.83,7.83,7.5,7.5,7.42,7.5,7.5,10.0,10.0,10.0,0.11,3
82.83,7.67,7.5,7.33,7.25,7.58,7.75,10.0,10.0,10.0,0.11,5
82.83,7.58,7.67,7.5,7.58,7.5,7.5,10.0,10.0,10.0,0.12,10
82.83,7.67,7.58,7.42,7.75,7.42,7.42,10.0,10.0,10.0,0.12,7
82.83,7.67,7.67,7.33,7.5,7.33,7.92,10.0,10.0,10.0,0.11,10
82.83,7.58,7.58,7.5,7.42,7.67,7.58,10.0,10.0,10.0,0.11,2
82.83,7.75,7.58,7.75,7.75,7.25,7.5,10.0,10.0,10.0,0.0,3
82.75,7.5,7.58,7.42,7.67,7.58,7.5,10.0,10.0,10.0,0.1,3
82.75,7.58,7.67,7.5,7.58,7.5,7.42,10.0,10.0,10.0,0.11,8
82.75,7.5,7.67,7.17,7.67,7.67,7.58,10.0,10.0,10.0,0.11,4
82.75,7.5,7.5,7.42,7.58,7.67,7.5,10.0,10.0,10.0,0.1,1
82.75,7.42,7.58,7.42,7.67,7.5,7.5,10.0,10.0,10.0,0.1,1
82.75,7.5,7.58,7.42,7.58,7.58,7.5,10.0,10.0,10.0,0.12,15
82.75,7.58,7.58,7.33,7.58,7.33,7.67,10.0,10.0,10.0,0.12,0
82.75,7.83,7.67,7.33,7.67,7.58,7.67,9.33,10.0,10.0,0.0,0
82.75,7.67,7.67,7.17,7.33,7.58,7.67,10.0,10.0,10.0,0.0,4
82.75,7.58,7.5,7.42,7.67,7.42,7.5,10.0,10.0,10.0,0.09,1
82.75,7.58,7.5,7.42,7.58,7.5,7.5,10.0,10.0,10.0,0.09,6
82.75,7.5,7.5,7.58,7.5,7.58,7.58,10.0,10.0,10.0,0.11,1
82.75,7.67,7.5,7.33,7.33,7.67,7.67,10.0,10.0,10.0,0.1,0
82.75,7.5,7.67,7.42,7.67,7.5,7.5,10.0,10.0,10.0,0.11,2
82.75,7.5,7.58,7.58,7.75,7.33,7.5,10.0,10.0,10.0,0.0,2
82.75,7.75,7.58,7.42,7.5,7.33,7.5,10.0,10.0,10.0,0.12,0
82.75,7.75,7.42,7.25,7.75,7.5,7.67,10.0,10.0,10.0,0.13,2
82.75,7.67,7.42,7.42,7.58,7.33,7.67,10.0,10.0,10.0,0.12,0
82.75,7.67,7.58,7.42,7.83,7.33,7.5,10.0,10.0,10.0,0.1,0
82.75,7.58,7.83,7.75,7.75,7.42,8.0,9.33,9.33,10.0,0.1,0
82.75,7.58,7.33,7.17,7.33,7.25,8.58,10.0,10.0,10.0,0.1,2
82.75,7.58,7.58,7.5,7.5,7.5,7.5,10.0,10.0,10.0,0.12,6
82.75,7.58,7.58,7.33,7.75,7.25,7.58,10.0,10.0,10.0,0.12,0
82.75,8.08,8.17,8.0,8.0,7.83,7.92,6.67,10.0,10.0,0.12,4
82.75,7.5,7.58,7.42,7.67,7.5,7.58,10.0,10.0,10.0,0.0,0
82.75,7.67,7.58,7.58,7.58,7.5,7.42,10.0,10.0,10.0,0.11,3
82.75,7.25,7.75,7.5,7.83,7.67,7.67,9.33,10.0,10.0,0.12,0
82.75,7.42,7.42,7.5,7.58,7.5,7.75,10.0,10.0,10.0,0.0,4
82.75,7.75,7.67,7.5,7.83,7.17,7.42,10.0,10.0,10.0,0.0,2
82.67,7.5,7.58,7.25,7.75,7.58,7.5,10.0,10.0,10.0,0.0,4
82.67,7.5,7.58,7.5,7.67,7.5,7.42,10.0,10.0,10.0,0.11,3
82.67,7.67,7.67,7.42,7.42,7.42,7.5,10.0,10.0,10.0,0.13,0
82.67,7.67,7.67,7.67,7.67,7.5,7.67,10.0,10.0,9.33,0.0,7
82.67,7.5,7.67,7.42,7.75,7.42,7.17,10.0,10.0,10.0,0.11,3
82.67,7.75,7.5,7.33,7.58,7.33,7.75,10.0,10.0,10.0,0.0,9
82.67,7.58,7.5,7.42,7.67,7.5,7.5,10.0,10.0,10.0,0.0,0
82.67,7.33,7.5,7.58,7.58,7.67,7.5,10.0,10.0,10.0,0.12,9
82.67,7.5,7.5,7.5,7.5,7.5,7.58,10.0,10.0,10.0,0.12,0
82.67,7.58,7.5,7.5,7.58,7.33,7.58,10.0,10.0,10.0,0.12,4
82.67,8.0,7.83,7.83,7.42,7.25,7.25,10.0,10.0,10.0,0.08,0
82.67,7.67,7.58,7.42,7.5,7.42,7.5,10.0,10.0,10.0,0.11,0
82.67,7.67,7.5,7.33,7.67,7.5,7.5,10.0,10.0,10.0,0.12,0
82.67,7.67,7.5,7.5,7.5,7.5,7.5,10.0,10.0,10.0,0.11,0
82.67,7.42,7.5,7.5,7.67,7.58,7.5,10.0,10.0,10.0,0.11,0
82.67,7.75,7.58,7.67,7.25,7.58,7.42,10.0,10.0,10.0,0.11,3
82.67,7.92,8.0,7.5,6.75,7.92,7.58,10.0,10.0,9.33,0.0,17
82.67,7.67,7.67,7.17,7.67,7.5,7.5,10.0,10.0,10.0,0.11,0
82.67,7.83,7.33,7.83,7.33,7.58,7.83,10.0,10.0,9.33,0.12,0
82.67,7.58,7.58,7.42,7.58,7.42,7.5,10.0,10.0,10.0,0.11,2
82.67,7.5,7.58,7.58,7.58,7.42,7.42,10.0,10.0,10.0,0.12,0
82.67,7.33,7.58,7.42,7.42,7.67,7.67,10.0,10.0,10.0,0.11,0
82.67,7.83,7.67,7.5,7.67,7.5,7.58,10.0,10.0,9.33,0.03,0
82.67,7.75,7.58,7.25,7.75,7.67,7.58,10.0,10.0,10.0,0.0,1
82.67,8.08,7.67,7.67,7.33,7.33,7.17,10.0,10.0,10.0,0.08,3
82.67,7.5,7.42,7.33,7.33,7.67,7.83,10.0,10.0,10.0,0.21,2
82.58,7.5,7.42,7.42,7.75,7.5,7.5,10.0,10.0,10.0,0.1,2
82.58,7.67,7.42,7.5,7.42,7.58,7.5,10.0,10.0,10.0,0.11,0
82.58,7.5,7.58,7.42,7.5,7.75,7.33,10.0,10.0,10.0,0.11,7
82.58,7.25,7.25,7.0,7.08,7.0,7.0,10.0,10.0,10.0,0.11,0
82.58,7.42,7.42,7.5,7.33,7.25,7.67,10.0,10.0,10.0,0.0,2
82.58,7.83,7.58,7.42,7.33,7.42,7.5,10.0,10.0,10.0,0.13,6
82.58,7.75,7.33,7.42,7.67,7.42,7.5,10.0,10.0,10.0,0.12,0
82.58,7.42,7.58,7.58,7.42,7.58,7.5,10.0,10.0,10.0,0.12,1
82.58,7.75,7.42,7.33,7.5,7.58,7.5,10.0,10.0,10.0,0.12,1
82.58,7.83,7.5,7.42,7.58,7.42,7.42,10.0,10.0,10.0,0.12,0
82.58,7.67,7.42,7.5,7.67,7.0,7.75,10.0,10.0,10.0,0.11,3
82.58,7.58,7.58,7.42,7.75,7.67,7.67,9.33,10.0,10.0,0.0,11
82.58,7.5,7.58,7.42,7.58,7.42,7.58,10.0,10.0,10.0,0.0,4
82.58,7.75,7.25,7.33,7.42,7.5,7.83,10.0,10.0,10.0,0.11,3
82.58,7.75,7.5,7.75,7.25,7.33,7.58,10.0,10.0,10.0,0.11,3
82.58,7.58,7.5,7.42,7.58,7.67,7.42,10.0,10.0,10.0,0.11,0
82.58,7.5,7.58,7.5,7.5,7.42,7.5,10.0,10.0,10.0,0.1,6
82.58,7.67,7.58,7.58,7.75,7.67,6.83,10.0,10.0,10.0,0.12,0
82.58,7.33,7.42,7.58,7.42,7.67,7.5,10.0,10.0,10.0,0.11,2
82.58,7.58,7.5,7.33,7.75,7.5,7.5,10.0,10.0,10.0,0.0,4
82.5,7.5,7.5,7.5,7.5,7.58,7.5,10.0,10.0,10.0,0.11,4
82.5,7.83,7.75,7.25,7.5,7.42,7.33,10.0,10.0,10.0,0.11,5
82.5,7.58,7.58,7.33,7.5,7.5,7.5,10.0,10.0,10.0,0.1,4
82.5,7.5,7.5,7.33,7.5,7.67,7.5,10.0,10.0,10.0,0.1,2
82.5,7.5,7.83,7.5,7.75,7.33,7.42,9.33,10.0,10.0,0.12,0
82.5,7.33,7.5,7.5,7.5,7.67,7.5,10.0,10.0,10.0,0.11,0
82.5,7.67,7.42,7.33,7.58,7.5,7.5,10.0,10.0,10.0,0.12,1
82.5,7.75,7.0,7.42,7.58,7.58,7.58,10.0,10.0,10.0,0.12,3
82.5,7.42,7.58,7.5,7.67,7.25,7.5,10.0,10.0,10.0,0.0,1
82.5,7.42,7.5,7.67,7.33,7.42,7.67,10.0,10.0,10.0,0.11,0
82.5,7.83,7.42,7.33,7.67,7.42,7.5,10.0,10.0,10.0,0.12,4
82.5,7.5,7.5,7.42,7.42,7.58,7.58,10.0,10.0,10.0,0.11,1
82.5,7.83,7.67,7.17,7.33,7.5,7.67,10.0,10.0,10.0,0.11,0
82.5,7.5,7.58,7.5,7.5,7.42,7.42,10.0,10.0,10.0,0.13,10
82.5,7.67,7.5,7.33,7.67,7.5,7.33,10.0,10.0,10.0,0.12,5
82.5,7.92,7.5,7.33,7.58,7.25,7.42,10.0,10.0,10.0,0.11,2
82.5,7.67,7.33,7.33,7.33,7.5,7.83,10.0,10.0,10.0,0.11,5
82.5,7.67,7.42,7.33,7.67,7.5,7.5,10.0,10.0,10.0,0.0,4
82.5,7.67,7.5,7.33,7.5,7.25,7.67,10.0,10.0,10.0,0.11,3
82.5,7.33,7.42,7.33,7.75,7.42,7.67,10.0,10.0,10.0,0.12,3
82.5,7.75,7.58,7.67,7.67,7.58,7.58,9.33,10.0,10.0,0.01,14
82.42,7.42,7.67,7.17,7.58,7.58,7.5,10.0,10.0,10.0,0.12,6
82.42,7.58,7.5,7.33,7.75,7.33,7.5,10.0,10.0,10.0,0.1,2
82.42,7.67,7.58,7.25,7.67,7.42,7.33,10.0,10.0,10.0,0.12,0
82.42,7.58,7.5,7.25,7.67,7.5,7.5,10.0,10.0,10.0,0.12,0
82.42,7.5,7.42,7.08,7.75,7.67,7.5,10.0,10.0,10.0,0.11,3
82.42,5.08,7.75,7.83,7.75,7.83,8.08,10.0,10.0,10.0,0.11,1
82.42,7.67,7.42,7.42,7.5,7.42,7.42,10.0,10.0,10.0,0.1,0
82.42,7.42,7.5,7.33,7.5,7.25,7.42,10.0,10.0,10.0,0.11,0
82.42,7.67,7.25,7.42,7.42,7.67,7.42,10.0,10.0,10.0,0.13,7
82.42,7.17,7.83,7.33,7.5,7.75,7.42,10.0,10.0,10.0,0.0,0
82.42,7.5,7.5,7.5,7.67,7.42,7.5,10.0,10.0,10.0,0.1,0
82.42,7.42,7.5,7.42,7.58,7.42,7.5,10.0,10.0,10.0,0.11,0
82.42,7.58,7.67,7.33,7.5,7.5,7.42,10.0,10.0,10.0,0.12,1
82.42,7.58,7.58,7.58,7.75,7.5,7.58,9.33,10.0,10.0,0.0,3
82.42,7.25,7.33,7.25,7.5,7.42,7.5,10.0,10.0,10.0,0.0,0
82.42,7.5,7.58,7.5,7.92,7.42,7.67,9.33,10.0,10.0,0.12,0
82.42,7.25,7.67,7.42,7.17,7.75,7.5,10.0,10.0,10.0,0.09,2
82.42,7.67,7.42,7.33,7.5,7.58,7.5,10.0,10.0,10.0,0.11,9
82.42,7.5,7.42,7.42,7.67,7.42,7.58,10.0,10.0,10.0,0.12,5
82.42,7.42,7.58,7.5,7.42,7.58,7.5,10.0,10.0,10.0,0.13,2
82.42,7.42,7.58,7.33,7.58,7.5,7.5,10.0,10.0,10.0,0.14,9
82.42,7.75,7.33,7.25,7.58,7.58,7.33,10.0,10.0,10.0,0.13,1
82.42,7.5,7.58,7.33,7.5,7.5,7.5,10.0,10.0,10.0,0.11,0
82.42,7.58,7.58,7.17,7.5,7.5,7.5,10.0,10.0,10.0,0.14,6
82.42,7.58,7.33,7.33,7.58,7.5,7.5,10.0,10.0,10.0,0.11,0
82.42,7.67,7.58,7.33,7.42,7.58,7.33,10.0,10.0,10.0,0.13,4
82.42,7.83,7.5,7.42,7.67,7.17,7.33,10.0,10.0,10.0,0.12,0
82.42,7.67,7.33,7.25,7.42,7.5,7.67,10.0,10.0,10.0,0.0,2
82.42,7.75,7.5,7.42,7.42,7.5,7.42,10.0,10.0,10.0,0.11,2
82.42,7.33,7.58,7.17,7.58,7.42,7.58,10.0,10.0,10.0,0.0,2
82.42,7.58,7.25,7.42,7.25,7.58,7.83,10.0,10.0,10.0,0.02,1
82.33,7.5,7.58,7.33,7.5,7.42,7.42,10.0,10.0,10.0,0.1,8
82.33,7.33,7.5,7.5,7.33,7.5,7.5,10.0,10.0,10.0,0.11,11
82.33,7.42,7.42,7.42,7.5,7.5,7.58,10.0,10.0,10.0,0.11,14
82.33,7.5,7.5,7.42,7.5,7.42,7.5,10.0,10.0,10.0,0.11,3
82.33,7.75,7.5,7.25,7.25,7.42,7.67,10.0,10.0,10.0,0.1,3
82.33,7.75,7.33,7.5,7.5,7.33,7.58,10.0,10.0,10.0,0.0,0
82.33,7.5,7.58,7.42,7.5,7.42,7.42,10.0,10.0,10.0,0.12,2
82.33,8.25,7.83,7.25,8.33,8.17,8.08,10.0,6.67,10.0,0.07,0
82.33,7.42,7.5,7.5,7.42,7.5,7.58,10.0,10.0,10.0,0.11,10
82.33,7.5,7.42,7.17,7.83,7.5,7.5,10.0,10.0,10.0,0.1,6
82.33,7.33,7.58,7.42,7.58,7.33,7.5,10.0,10.0,10.0,0.12,0
82.33,7.75,8.08,7.67,8.08,8.08,8.0,10.0,10.0,6.67,0.11,0
82.33,7.58,7.67,7.5,7.58,7.75,7.5,9.33,10.0,10.0,0.12,3
82.33,7.33,7.58,7.42,7.5,7.5,7.5,10.0,10.0,10.0,0.11,0
82.33,7.42,7.33,7.5,7.17,7.08,8.33,10.0,10.0,10.0,0.1,2
82.33,7.5,7.5,7.5,7.5,7.5,7.5,10.0,10.0,10.0,0.11,0
82.33,7.5,7.5,7.5,7.5,7.5,7.5,10.0,10.0,10.0,0.11,0
82.33,7.5,7.42,7.58,7.5,7.5,7.58,10.0,10.0,10.0,0.12,1
82.33,7.5,7.42,7.5,7.5,7.5,7.58,10.0,10.0,10.0,0.0,1
82.33,7.67,7.5,7.42,7.5,7.42,7.42,10.0,10.0,10.0,0.12,3
82.33,7.92,7.58,7.25,7.75,7.92,7.58,9.33,9.33,10.0,0.0,14
82.33,7.67,7.5,7.33,7.67,7.5,7.33,10.0,10.0,10.0,0.11,3
82.33,7.58,7.67,7.58,7.33,7.0,7.58,10.0,10.0,10.0,0.15,8
82.33,7.67,7.58,7.5,7.58,7.5,7.5,10.0,10.0,10.0,0.13,9
82.33,7.5,7.67,7.33,7.5,7.33,7.5,10.0,10.0,10.0,0.1,5
82.33,7.58,7.5,7.42,7.5,7.5,7.42,10.0,10.0,10.0,0.12,2
82.33,8.0,7.75,7.33,7.33,7.08,7.67,9.33,10.0,10.0,0.11,0
82.33,7.58,7.58,7.25,7.58,7.42,7.5,10.0,10.0,10.0,0.11,2
82.33,7.83,7.58,7.33,7.25,7.58,7.42,10.0,10.0,10.0,0.0,0
82.25,7.58,7.5,7.25,7.42,7.67,7.33,10.0,10.0,10.0,0.09,10
82.25,7.0,7.08,7.0,7.17,7.0,7.0,10.0,10.0,10.0,0.1,0
82.25,7.67,7.5,7.25,7.67,7.42,7.42,10.0,10.0,10.0,0.11,2
82.25,7.42,7.67,7.5,7.08,7.5,7.42,10.0,10.0,10.0,0.0,9
82.25,7.58,7.67,7.5,7.67,7.83,8.42,9.33,9.33,9.33,0.12,0
82.25,7.58,7.5,7.42,7.58,7.42,7.42,10.0,10.0,10.0,0.11,2
82.25,7.58,7.42,7.33,7.42,7.58,7.5,10.0,10.0,10.0,0.13,0
82.25,7.75,7.58,7.42,7.42,7.33,7.33,10.0,10.0,10.0,0.11,0
82.25,7.5,7.5,7.5,7.5,7.5,7.5,10.0,10.0,10.0,0.11,0
82.25,7.58,7.58,7.42,7.42,7.42,7.42,10.0,10.0,10.0,0.12,4
82.25,7.33,7.42,7.5,7.67,7.5,7.42,10.0,10.0,10.0,0.0,1
82.25,7.58,7.58,7.5,7.17,7.42,7.42,10.0,10.0,10.0,0.16,8
82.25,7.5,7.5,7.33,7.58,7.67,7.33,10.0,10.0,10.0,0.11,2
82.25,7.5,7.58,7.42,7.67,7.33,7.42,10.0,10.0,10.0,0.13,3
82.25,7.67,7.58,7.33,7.5,7.42,7.42,10.0,10.0,10.0,0.12,13
82.25,7.75,7.33,7.33,7.5,7.5,7.5,10.0,10.0,10.0,0.0,5
82.25,7.33,7.58,7.42,7.67,7.33,7.5,10.0,10.0,10.0,0.11,0
82.25,7.42,7.5,7.42,7.58,7.42,7.5,10.0,10.0,10.0,0.1,3
82.25,7.5,7.42,7.67,7.33,7.58,7.33,10.0,10.0,10.0,0.12,1
82.25,7.67,7.33,7.33,7.33,7.5,7.5,10.0,10.0,10.0,0.11,0
82.25,7.67,7.58,7.42,7.0,7.5,7.58,10.0,10.0,10.0,0.12,1
82.25,7.17,7.25,7.58,7.25,7.58,7.67,10.0,10.0,10.0,0.22,2
82.17,7.42,7.42,7.5,7.42,7.42,7.5,10.0,10.0,10.0,0.11,5
82.17,7.5,7.5,7.17,7.42,7.5,7.5,10.0,10.0,10.0,0.11,2
82.17,7.5,7.5,7.33,7.42,7.5,7.42,10.0,10.0,10.0,0.1,1
82.17,7.58,7.42,7.42,7.33,7.5,7.42,10.0,10.0,10.0,0.13,6
82.17,7.42,7.42,7.42,7.5,7.5,7.33,10.0,10.0,10.0,0.12,1
82.17,6.92,7.58,7.42,7.33,7.83,7.5,10.0,10.0,10.0,0.0,1
82.17,7.42,7.42,7.17,7.75,7.25,7.67,10.0,10.0,10.0,0.12,0
82.17,7.67,7.5,7.25,7.42,7.58,7.42,10.0,10.0,10.0,0.11,2
82.17,7.42,7.42,7.5,7.5,7.42,7.5,10.0,10.0,10.0,0.09,4
82.17,7.58,7.5,7.42,7.25,7.5,7.42,10.0,10.0,10.0,0.12,1
82.17,7.75,7.42,7.42,7.58,7.33,7.42,10.0,10.0,10.0,0.12,1
82.17,7.42,7.33,7.17,7.42,7.33,8.17,10.0,10.0,10.0,0.12,0
82.17,7.5,7.5,7.33,7.42,7.5,7.42,10.0,10.0,10.0,0.1,1
82.17,7.5,7.5,7.5,7.5,7.5,7.5,10.0,10.0,10.0,0.11,0
82.17,7.67,7.5,7.5,7.17,7.17,7.58,10.0,10.0,10.0,0.0,0
82.17,7.33,7.25,7.25,7.58,7.75,7.5,10.0,10.0,10.0,0.0,1
82.17,7.5,7.67,7.0,7.5,7.33,7.5,10.0,10.0,10.0,0.15,9
82.17,7.25,7.75,7.0,7.75,8.17,7.75,10.0,10.0,9.33,0.12,2
82.17,7.5,7.58,7.25,7.5,7.5,7.33,10.0,10.0,10.0,0.12,4
82.17,7.0,7.67,7.5,7.5,7.42,7.5,10.0,10.0,10.0,0.1,1
82.17,7.58,7.67,7.42,7.17,7.17,7.75,10.0,10.0,10.0,0.08,0
82.08,7.5,7.5,7.42,7.42,7.5,7.42,10.0,10.0,10.0,0.15,3
82.08,7.75,7.58,7.42,7.67,7.83,7.58,9.33,9.33,10.0,0.0,6
82.08,7.42,7.58,7.42,7.5,7.42,7.25,10.0,10.0,10.0,0.11,3
82.08,7.25,7.25,7.58,7.58,7.25,7.92,10.0,10.0,10.0,0.0,1
82.08,7.75,7.42,7.42,7.25,7.17,7.42,10.0,10.0,10.0,0.0,0
82.08,7.42,7.33,7.42,7.42,7.5,7.58,10.0,10.0,10.0,0.12,5
82.08,7.42,7.5,7.5,7.33,7.33,7.5,10.0,10.0,10.0,0.12,3
82.08,7.5,7.42,7.42,7.42,7.67,7.42,10.0,10.0,10.0,0.11,0
82.08,7.58,7.33,7.33,7.33,7.5,7.67,10.0,10.0,10.0,0.11,2
82.08,7.25,7.58,7.58,7.25,7.5,7.42,10.0,10.0,10.0,0.11,0
82.08,7.42,7.58,7.5,7.33,7.42,7.42,10.0,10.0,10.0,0.13,7
82.08,7.5,7.42,7.42,7.5,7.25,7.5,10.0,10.0,10.0,0.13,13
82.08,7.67,7.5,7.25,7.58,7.42,7.33,10.0,10.0,10.0,0.11,11
82.08,7.67,8.0,7.17,7.08,7.67,7.08,10.0,10.0,10.0,0.12,2
82.08,7.58,7.42,7.25,7.75,7.33,7.42,10.0,10.0,10.0,0.11,1
82.08,7.33,7.5,7.33,7.58,7.08,7.83,10.0,10.0,10.0,0.1,2
82.08,7.67,7.42,7.67,7.33,7.25,7.58,10.0,10.0,10.0,0.08,5
82.0,7.5,7.5,7.17,7.5,7.5,7.42,10.0,10.0,10.0,0.12,1
82.0,7.5,7.5,7.25,7.33,7.42,7.5,10.0,10.0,10.0,0.1,7
82.0,7.5,7.33,7.42,7.5,7.33,7.42,10.0,10.0,10.0,0.11,3
82.0,7.67,7.33,7.33,7.42,7.42,7.42,10.0,10.0,10.0,0.13,20
82.0,7.42,7.5,7.25,7.33,7.5,7.5,10.0,10.0,10.0,0.12,0
82.0,7.42,7.42,7.33,7.58,7.33,7.42,10.0,10.0,10.0,0.12,3
82.0,7.5,7.42,7.33,7.58,7.33,7.5,10.0,10.0,10.0,0.13,1
82.0,7.33,7.5,7.17,7.42,7.5,7.33,10.0,10.0,10.0,0.09,0
82.0,7.58,7.5,7.42,7.42,7.33,7.42,10.0,10.0,10.0,0.11,0
82.0,7.5,7.25,7.33,7.33,7.75,7.5,10.0,10.0,10.0,0.1,4
82.0,7.33,7.33,7.33,7.5,7.5,7.83,10.0,10.0,10.0,0.11,5
82.0,7.33,7.33,7.58,7.5,7.5,7.58,10.0,10.0,10.0,0.11,1
82.0,7.42,7.58,7.33,7.42,8.0,7.5,9.33,10.0,10.0,0.12,0
82.0,7.33,7.67,7.42,7.17,7.33,7.42,10.0,10.0,10.0,0.11,0
82.0,7.67,7.33,7.25,7.5,7.42,7.42,10.0,10.0,10.0,0.12,1
82.0,7.42,7.5,7.33,7.5,7.33,7.5,10.0,10.0,10.0,0.12,1
82.0,7.42,7.5,7.25,7.5,7.5,7.42,10.0,10.0,10.0,0.11,1
82.0,7.33,7.33,7.33,7.5,7.67,7.67,10.0,10.0,10.0,0.11,3
82.0,7.58,7.5,7.17,7.5,7.5,7.42,10.0,10.0,10.0,0.12,2
82.0,7.75,7.33,7.33,7.42,7.75,7.67,10.0,10.0,9.33,0.0,10
82.0,7.33,7.0,7.08,7.42,7.5,7.67,10.0,10.0,10.0,0.07,2
81.92,7.58,7.5,7.25,7.58,7.58,7.5,9.33,10.0,10.0,0.1,1
81.92,7.5,7.5,7.25,7.42,7.42,7.42,10.0,10.0,10.0,0.11,0
81.92,7.58,7.5,7.25,7.33,7.42,7.5,10.0,10.0,10.0,0.12,1
81.92,7.42,7.33,7.33,7.5,7.5,7.33,10.0,10.0,10.0,0.11,4
81.92,7.67,7.58,7.33,7.5,7.5,7.67,10.0,10.0,9.33,0.11,2
81.92,7.58,7.58,7.17,7.83,7.17,7.33,10.0,10.0,10.0,0.11,7
81.92,7.33,7.33,7.33,7.42,7.5,7.58,10.0,10.0,10.0,0.12,4
81.92,7.58,7.42,7.25,7.17,7.5,7.67,10.0,10.0,10.0,0.12,4
81.92,7.67,7.08,7.42,7.33,7.75,7.42,10.0,10.0,10.0,0.0,3
81.92,7.42,7.33,7.33,7.58,7.33,7.5,10.0,10.0,10.0,0.11,0
81.92,7.5,7.5,7.42,7.25,7.5,7.5,10.0,10.0,10.0,0.11,0
81.92,7.58,7.5,7.25,7.58,7.5,7.25,10.0,10.0,10.0,0.12,6
81.92,7.5,7.5,7.25,7.25,7.5,7.5,10.0,10.0,10.0,0.13,7
81.92,7.5,7.42,7.25,7.5,7.33,7.33,10.0,10.0,10.0,0.14,8
81.92,7.33,7.58,7.17,7.58,7.42,7.33,10.0,10.0,10.0,0.12,4
81.92,7.67,7.42,7.33,7.83,7.5,7.5,9.33,10.0,10.0,0.12,0
81.92,7.42,7.58,7.25,7.5,7.33,7.5,10.0,10.0,10.0,0.12,3
81.92,7.67,7.33,7.33,7.58,7.33,7.33,10.0,10.0,10.0,0.09,1
81.83,7.42,7.5,7.25,7.5,7.33,7.42,10.0,10.0,10.0,0.1,1
81.83,7.25,7.33,7.5,7.33,7.67,7.42,10.0,10.0,10.0,0.0,4
81.83,7.42,7.5,7.42,7.5,7.42,7.25,10.0,10.0,10.0,0.11,3
81.83,7.75,7.83,7.58,7.75,7.92,7.83,10.0,10.0,10.0,0.11,0
81.83,7.58,7.5,7.33,7.42,7.58,7.25,10.0,10.0,10.0,0.1,6
81.83,7.17,7.58,6.83,7.5,7.75,7.25,10.0,10.0,10.0,0.0,1
81.83,7.58,7.0,6.92,6.92,7.67,7.5,10.0,10.0,10.0,0.0,0
81.83,7.33,7.58,7.5,7.42,7.33,7.33,10.0,10.0,10.0,0.0,2
81.83,7.58,7.5,7.33,7.5,7.17,7.33,10.0,10.0,10.0,0.11,7
81.83,7.5,7.5,7.33,7.5,7.42,7.25,10.0,10.0,10.0,0.12,1
81.83,7.67,7.5,7.5,7.25,7.08,7.42,10.0,10.0,10.0,0.09,0
81.83,7.67,7.33,7.17,7.25,7.75,7.33,10.0,10.0,10.0,0.0,0
81.83,7.42,7.42,7.42,7.33,7.42,7.42,10.0,10.0,10.0,0.11,6
81.83,7.58,7.42,7.33,7.33,7.33,7.42,10.0,10.0,10.0,0.13,0
81.83,7.33,7.58,7.25,7.17,7.83,7.33,10.0,10.0,10.0,0.11,0
81.83,7.5,7.5,7.33,7.33,7.33,7.33,10.0,10.0,10.0,0.1,4
81.83,7.42,7.42,7.25,7.5,7.33,7.42,10.0,10.0,10.0,0.11,0
81.83,7.5,7.5,7.0,7.42,7.5,7.58,10.0,10.0,10.0,0.0,0
81.83,7.83,7.83,7.83,8.0,7.83,7.83,10.0,6.67,10.0,0.0,1
81.83,7.75,7.75,7.5,7.42,7.83,7.75,9.33,9.33,9.33,0.12,0
81.83,7.83,7.67,7.33,7.33,7.67,7.83,9.33,10.0,9.33,0.11,1
81.83,7.83,7.33,7.25,7.58,7.25,7.33,10.0,10.0,10.0,0.12,2
81.83,7.33,7.33,7.25,7.5,7.5,7.5,10.0,10.0,10.0,0.12,10
81.83,7.33,7.67,7.25,7.5,7.5,7.25,10.0,10.0,10.0,0.02,2
81.83,7.58,7.5,7.17,7.58,7.33,7.33,10.0,10.0,10.0,0.05,0
81.83,7.25,7.58,7.83,7.67,7.75,7.75,9.33,9.33,10.0,0.02,12
81.75,7.5,7.5,7.25,7.42,7.42,7.33,10.0,10.0,10.0,0.11,1
81.75,7.0,7.08,7.33,7.5,7.5,7.33,10.0,10.0,10.0,0.12,0
81.75,7.42,7.42,7.42,7.42,7.33,7.33,10.0,10.0,10.0,0.12,4
81.75,7.17,7.25,7.17,7.25,7.42,8.25,10.0,10.0,10.0,0.1,1
81.75,7.5,7.5,7.33,7.42,7.25,7.25,10.0,10.0,10.0,0.13,9
81.75,7.42,7.5,7.17,7.67,7.33,7.42,10.0,10.0,10.0,0.13,23
81.75,7.42,7.5,7.33,7.58,7.33,7.33,10.0,10.0,10.0,0.11,1
81.75,7.33,7.42,7.33,7.67,7.42,7.25,10.0,10.0,10.0,0.12,14
81.75,7.5,7.42,7.25,7.33,7.67,7.25,10.0,10.0,10.0,0.12,1
81.75,7.33,7.42,7.33,7.33,7.5,7.67,10.0,10.0,10.0,0.0,1
81.75,7.42,7.58,6.92,7.08,7.25,8.0,10.0,10.0,10.0,0.08,0
81.67,7.42,7.5,7.25,7.5,7.5,7.25,10.0,10.0,10.0,0.11,5
81.67,7.42,7.42,7.08,7.42,7.33,7.42,10.0,10.0,10.0,0.1,1
81.67,7.42,7.33,7.17,7.67,7.33,7.42,10.0,10.0,10.0,0.12,3
81.67,7.58,7.5,7.33,7.33,7.42,7.25,10.0,10.0,10.0,0.11,2
81.67,7.17,7.33,7.33,7.42,7.5,7.33,10.0,10.0,10.0,0.0,1
81.67,7.58,7.5,7.25,7.25,7.5,7.25,10.0,10.0,10.0,0.1,1
81.67,7.75,7.75,7.75,7.67,5.25,7.83,10.0,10.0,10.0,0.0,1
81.67,7.25,7.75,6.92,7.42,7.5,7.58,10.0,10.0,10.0,0.0,0
81.67,7.42,7.33,7.25,7.42,7.5,7.42,10.0,10.0,10.0,0.12,0
81.67,7.33,7.33,7.5,7.25,7.42,7.33,10.0,10.0,10.0,0.12,7
81.67,7.25,7.42,7.25,7.5,7.5,7.42,10.0,10.0,10.0,0.1,2
81.67,7.17,7.42,7.33,7.42,7.33,7.42,10.0,10.0,10.0,0.11,0
81.67,7.5,7.33,7.5,7.5,7.17,7.17,10.0,10.0,10.0,0.1,5
81.67,7.5,7.17,7.17,7.17,7.5,7.08,10.0,10.0,10.0,0.11,3
81.67,7.42,7.42,7.67,8.0,7.58,7.5,9.33,9.33,10.0,0.0,4
81.67,7.5,7.5,7.5,7.25,7.42,7.25,10.0,10.0,10.0,0.11,0
81.67,7.58,7.42,7.33,7.42,7.33,7.33,10.0,10.0,10.0,0.11,0
81.67,7.5,7.42,7.08,7.58,7.33,7.33,10.0,10.0,10.0,0.12,6
81.67,7.5,7.67,7.33,7.33,7.33,7.33,10.0,10.0,10.0,0.11,4
81.67,7.25,7.67,7.58,7.67,7.67,7.58,8.67,10.0,10.0,0.13,13
81.67,7.67,7.25,7.17,7.75,7.5,7.25,10.0,10.0,10.0,0.11,4
81.67,7.5,7.42,7.33,7.42,7.42,7.42,10.0,10.0,10.0,0.11,2
81.67,7.58,7.42,7.25,7.58,7.25,7.17,10.0,10.0,10.0,0.11,2
81.67,7.75,7.58,7.25,7.17,7.58,7.33,9.33,10.0,10.0,0.11,4
81.67,7.42,7.33,7.33,7.33,7.17,7.83,10.0,10.0,10.0,0.1,1
81.58,7.5,7.42,7.08,7.42,7.5,7.33,10.0,10.0,10.0,0.11,3
81.58,7.42,7.42,7.08,7.5,7.42,7.33,10.0,10.0,10.0,0.12,0
81.58,7.42,7.42,7.25,7.67,7.33,7.25,10.0,10.0,10.0,0.1,0
81.58,7.58,7.42,7.5,7.17,7.08,7.58,10.0,10.0,10.0,0.12,1
81.58,7.42,7.42,7.33,7.42,7.42,7.33,10.0,10.0,10.0,0.12,5
81.58,7.42,7.42,7.17,7.58,7.33,7.33,10.0,10.0,10.0,0.13,0
81.58,7.33,7.17,7.08,7.08,8.33,8.25,10.0,10.0,9.33,0.0,0
81.58,7.42,7.42,7.33,7.33,7.5,7.25,10.0,10.0,10.0,0.12,3
81.58,7.42,7.33,7.17,7.58,7.42,7.5,10.0,10.0,10.0,0.12,1
81.58,7.67,7.5,7.42,7.5,6.75,7.42,10.0,10.0,10.0,0.12,9
81.58,7.33,7.5,7.25,7.5,7.5,7.17,10.0,10.0,10.0,0.11,0
81.58,7.67,7.58,7.42,7.58,7.58,7.42,10.0,10.0,8.67,0.11,2
81.58,7.08,7.33,7.58,7.58,7.17,7.5,10.0,10.0,10.0,0.01,0
81.58,7.33,7.33,7.17,7.5,7.58,7.33,10.0,10.0,10.0,0.2,0
81.58,7.25,7.17,7.33,7.33,7.5,7.75,10.0,10.0,10.0,0.0,1
81.5,7.67,7.58,7.17,7.42,7.33,7.42,9.33,10.0,10.0,0.1,0
81.5,7.5,7.42,7.33,7.33,7.25,7.33,10.0,10.0,10.0,0.11,3
81.5,7.5,7.5,7.33,7.42,7.17,7.25,10.0,10.0,10.0,0.1,5
81.5,7.5,7.42,7.25,7.25,7.5,7.25,10.0,10.0,10.0,0.12,0
81.5,7.5,7.42,7.33,7.08,7.58,7.25,10.0,10.0,10.0,0.12,2
81.5,7.25,7.42,7.25,7.5,7.33,7.33,10.0,10.0,10.0,0.0,4
81.5,7.83,7.33,7.08,7.08,7.33,7.5,10.0,10.0,10.0,0.12,2
81.5,7.67,7.42,6.92,7.5,7.5,7.17,10.0,10.0,10.0,0.12,0
81.5,7.5,7.42,7.17,7.58,7.25,7.42,10.0,10.0,10.0,0.12,0
81.5,7.42,7.33,7.67,7.33,7.42,7.5,10.0,10.0,9.33,0.11,0
81.5,7.58,7.5,7.5,7.67,7.67,7.83,9.33,9.33,9.33,0.0,1
81.5,7.42,7.33,7.25,7.42,7.42,7.33,10.0,10.0,10.0,0.11,0
81.5,7.5,7.42,7.25,7.25,7.33,7.33,10.0,10.0,10.0,0.11,0
81.5,7.33,7.33,7.17,7.42,7.5,7.5,10.0,10.0,10.0,0.13,2
81.5,7.58,7.42,7.25,7.42,7.33,7.33,10.0,10.0,10.0,0.12,5
81.5,7.42,7.25,7.17,7.42,7.17,8.0,10.0,10.0,10.0,0.12,10
81.5,7.33,7.5,7.33,7.33,7.33,7.42,10.0,10.0,10.0,0.11,6
81.5,7.42,7.42,7.33,7.17,7.25,7.42,10.0,10.0,10.0,0.13,5
81.5,7.5,7.5,7.25,7.5,7.42,7.58,9.33,10.0,10.0,0.11,3
81.5,7.75,7.17,7.17,7.33,7.58,7.33,10.0,10.0,10.0,0.12,0
81.5,7.5,7.42,7.17,7.42,7.5,7.33,10.0,10.0,10.0,0.12,2
81.5,7.33,7.5,7.33,7.42,7.17,7.33,10.0,10.0,10.0,0.11,1
81.5,7.42,7.42,7.17,7.42,7.42,7.33,10.0,10.0,10.0,0.06,0
81.5,7.33,7.33,7.33,7.5,7.5,7.83,9.33,10.0,10.0,0.0,17
81.42,7.58,7.33,7.08,7.33,7.5,7.33,10.0,10.0,10.0,0.12,17
81.42,7.42,7.33,7.08,7.58,7.33,7.25,10.0,10.0,10.0,0.1,0
81.42,7.33,7.5,7.5,7.33,6.83,7.42,10.0,10.0,10.0,0.11,2
81.42,7.5,7.33,7.17,7.25,7.5,7.42,10.0,10.0,10.0,0.12,1
81.42,7.83,7.75,7.42,7.17,7.08,7.08,10.0,10.0,10.0,0.12,0
81.42,7.58,7.17,7.33,7.42,7.08,7.42,10.0,10.0,10.0,0.12,0
81.42,7.25,7.5,7.42,7.17,7.33,7.33,10.0,10.0,10.0,0.0,0
81.42,7.42,7.5,7.17,7.42,7.42,7.42,10.0,10.0,10.0,0.1,6
81.42,7.67,7.33,7.25,7.17,7.25,7.42,10.0,10.0,10.0,0.0,1
81.42,7.42,7.42,7.17,7.33,7.42,7.42,10.0,10.0,10.0,0.1,5
81.42,7.42,7.33,7.25,7.42,7.42,7.5,10.0,10.0,10.0,0.12,4
81.42,7.42,7.33,7.25,7.17,7.25,7.42,10.0,10.0,10.0,0.13,8
81.42,7.42,7.42,7.25,7.25,7.5,7.33,10.0,10.0,10.0,0.13,1
81.42,7.5,7.42,7.25,7.17,7.17,7.75,10.0,10.0,10.0,0.11,0
81.42,7.75,7.33,7.42,7.0,7.33,7.25,10.0,10.0,10.0,0.16,2
81.42,7.83,7.0,7.0,7.58,7.58,7.5,10.0,10.0,10.0,0.01,10
81.33,7.5,7.33,7.33,7.17,7.33,7.42,10.0,10.0,10.0,0.0,0
81.33,7.5,7.5,7.0,7.17,7.5,7.33,10.0,10.0,10.0,0.11,3
81.33,7.67,7.42,7.0,7.42,7.58,7.08,10.0,10.0,10.0,0.12,0
81.33,7.25,7.33,7.33,7.33,7.33,7.42,10.0,10.0,10.0,0.11,14
81.33,7.58,7.42,7.17,7.42,7.17,7.17,10.0,10.0,10.0,0.09,4
81.33,7.17,7.33,7.42,7.25,7.42,7.33,10.0,10.0,10.0,0.12,6
81.33,7.08,7.33,7.42,7.33,7.33,7.5,10.0,10.0,10.0,0.14,3
81.33,7.75,7.33,7.08,7.33,7.33,7.25,10.0,10.0,10.0,0.13,1
81.33,7.33,7.33,7.17,7.33,7.5,7.33,10.0,10.0,10.0,0.12,3
81.33,7.58,7.42,7.25,7.33,7.25,7.25,10.0,10.0,10.0,0.13,13
81.33,7.33,7.25,7.17,7.42,7.58,7.33,10.0,10.0,10.0,0.12,4
81.33,7.5,7.58,7.5,7.5,7.75,7.83,9.33,9.33,9.33,0.11,0
81.25,7.83,7.75,7.67,7.83,7.83,7.75,9.33,10.0,10.0,0.12,0
81.25,7.17,7.42,7.17,7.08,6.92,8.17,10.0,10.0,10.0,0.0,1
81.25,7.08,7.5,7.33,7.17,7.42,7.25,10.0,10.0,10.0,0.1,4
81.25,7.42,7.17,7.17,7.5,7.33,7.25,10.0,10.0,10.0,0.12,1
81.25,7.33,7.42,7.17,7.25,7.42,7.33,10.0,10.0,10.0,0.09,2
81.25,7.33,7.17,7.17,7.5,7.25,7.42,10.0,10.0,10.0,0.13,5
81.25,7.5,7.5,7.25,7.25,7.25,7.25,10.0,10.0,10.0,0.11,0
81.25,7.5,7.33,7.5,7.58,7.0,7.25,10.0,10.0,10.0,0.11,4
81.25,7.42,7.42,7.33,7.33,7.5,7.42,9.33,10.0,10.0,0.12,1
81.17,7.33,7.5,7.17,7.17,7.58,7.17,10.0,10.0,10.0,0.09,7
81.17,7.67,7.17,7.17,7.33,7.5,7.17,10.0,10.0,10.0,0.12,2
81.17,7.75,7.58,7.08,7.25,7.08,7.25,10.0,10.0,10.0,0.12,10
81.17,7.5,7.5,7.33,7.17,7.08,7.17,10.0,10.0,10.0,0.11,0
81.17,7.42,7.33,7.0,7.42,7.33,7.33,10.0,10.0,10.0,0.13,1
81.17,6.83,7.42,7.42,7.17,7.5,7.42,10.0,10.0,10.0,0.12,0
81.17,7.25,7.25,7.25,7.08,7.58,7.5,10.0,10.0,10.0,0.0,4
81.17,7.58,7.17,7.17,7.33,7.33,7.25,10.0,10.0,10.0,0.12,2
81.17,7.58,7.25,7.33,7.08,7.33,7.33,10.0,10.0,10.0,0.12,12
81.17,7.33,7.08,7.33,7.25,7.33,7.58,10.0,10.0,10.0,0.11,3
81.17,7.42,7.42,7.17,7.42,7.33,7.25,10.0,10.0,10.0,0.11,3
81.17,7.42,7.25,7.08,7.75,7.42,7.17,10.0,10.0,10.0,0.13,7
81.17,7.42,7.25,7.33,7.25,7.25,7.42,10.0,10.0,10.0,0.12,4
81.17,7.42,7.33,7.25,7.42,7.5,7.17,10.0,10.0,10.0,0.12,1
81.17,7.25,7.75,7.67,7.67,7.42,7.67,8.67,9.33,10.0,0.04,0
81.08,7.42,7.33,7.17,7.33,7.42,7.17,10.0,10.0,10.0,0.11,1
81.08,7.58,7.42,7.5,7.25,7.75,7.58,9.33,10.0,9.33,0.11,8
81.08,7.33,7.33,7.33,7.42,7.33,7.33,10.0,10.0,10.0,0.11,1
81.08,7.42,7.17,7.33,7.42,7.25,7.33,10.0,10.0,10.0,0.0,0
81.08,7.42,7.33,7.33,7.25,7.25,7.33,10.0,10.0,10.0,0.13,2
81.08,7.42,7.25,7.17,7.25,7.25,7.58,10.0,10.0,10.0,0.13,0
81.08,7.67,7.75,7.67,7.58,7.58,7.67,6.67,10.0,10.0,0.0,0
81.08,7.25,7.42,7.33,7.33,7.17,7.33,10.0,10.0,10.0,0.13,16
81.08,7.33,7.25,7.33,7.42,7.25,7.42,10.0,10.0,10.0,0.12,2
81.08,7.33,7.33,7.25,7.42,7.25,7.25,10.0,10.0,10.0,0.11,5
81.08,7.42,7.33,7.25,7.42,7.17,7.25,10.0,10.0,10.0,0.1,1
81.08,7.42,7.42,7.25,7.58,6.92,7.17,10.0,10.0,10.0,0.06,0
81.0,7.25,7.25,7.17,7.5,7.33,7.17,10.0,10.0,10.0,0.11,9
81.0,7.42,7.08,7.08,7.33,7.25,7.58,10.0,10.0,10.0,0.0,6
81.0,7.33,7.17,7.17,7.67,7.33,7.17,10.0,10.0,10.0,0.11,3
81.0,7.42,7.25,7.17,7.5,7.25,7.17,10.0,10.0,10.0,0.09,8
81.0,7.67,7.5,7.42,5.25,7.67,7.75,10.0,10.0,10.0,0.0,4
81.0,7.5,7.25,7.0,7.25,7.5,7.25,10.0,10.0,10.0,0.11,1
81.0,7.25,7.17,7.17,7.25,7.5,7.33,10.0,10.0,10.0,0.12,0
81.0,7.42,7.25,7.25,7.33,7.25,7.17,10.0,10.0,10.0,0.12,1
81.0,7.67,7.75,7.83,7.75,7.83,7.75,10.0,6.67,10.0,0.12,0
81.0,7.33,7.33,7.08,7.42,7.17,7.33,10.0,10.0,10.0,0.12,5
81.0,7.33,6.92,7.17,7.33,7.42,7.42,10.0,10.0,10.0,0.12,3
81.0,7.5,6.92,7.33,7.33,7.33,7.33,10.0,10.0,10.0,0.11,0
81.0,7.33,7.42,7.25,7.42,7.25,7.17,10.0,10.0,10.0,0.0,3
81.0,7.08,7.33,7.33,7.33,7.42,7.25,10.0,10.0,10.0,0.12,12
81.0,7.58,7.67,7.5,7.67,7.58,7.5,8.0,10.0,10.0,0.0,8
80.92,7.33,7.17,7.25,7.33,7.33,7.25,10.0,10.0,10.0,0.0,0
80.92,7.67,7.67,7.33,7.58,7.67,7.5,9.33,9.33,9.33,0.1,2
80.92,7.17,7.58,7.5,7.5,8.0,7.75,10.0,10.0,10.0,0.11,3
80.92,7.5,7.33,7.17,7.42,7.5,7.33,9.33,10.0,10.0,0.11,11
80.92,7.17,7.42,7.0,7.58,7.33,7.0,10.0,10.0,10.0,0.0,5
80.92,7.42,7.08,7.17,7.17,7.58,7.25,10.0,10.0,10.0,0.1,5
80.92,7.33,7.17,7.17,7.25,7.42,7.33,10.0,10.0,10.0,0.12,0
80.92,7.25,7.33,7.25,7.25,7.25,7.33,10.0,10.0,10.0,0.12,8
80.92,7.92,7.67,7.33,7.08,7.08,7.08,10.0,10.0,10.0,0.09,0
80.92,7.17,7.42,7.17,7.25,7.25,7.33,10.0,10.0,10.0,0.1,0
80.92,7.33,7.08,7.25,7.0,7.5,7.42,10.0,10.0,10.0,0.1,3
80.92,7.58,7.42,6.92,7.5,7.25,7.17,10.0,10.0,10.0,0.12,5
80.92,7.42,7.25,7.25,7.25,7.25,7.25,10.0,10.0,10.0,0.11,0
80.92,7.25,7.17,7.08,7.08,7.08,8.08,10.0,10.0,10.0,0.11,0
80.92,7.42,7.25,7.25,7.25,7.25,7.25,10.0,10.0,10.0,0.11,0
80.92,7.58,7.33,7.08,7.5,7.17,7.25,10.0,10.0,10.0,0.13,12
80.92,7.67,7.58,7.33,7.33,7.17,7.0,10.0,10.0,10.0,0.0,0
80.83,7.42,7.33,7.17,7.17,7.17,7.25,10.0,10.0,10.0,0.0,0
80.83,7.67,7.25,7.08,7.33,7.17,7.25,10.0,10.0,10.0,0.11,1
80.83,7.17,7.08,7.25,7.42,7.25,7.33,10.0,10.0,10.0,0.13,7
80.83,7.33,7.25,7.33,7.33,7.25,7.17,10.0,10.0,10.0,0.11,3
80.83,7.5,7.17,7.33,7.25,7.17,7.17,10.0,10.0,10.0,0.13,1
80.83,7.42,7.33,7.0,7.25,7.33,7.5,10.0,10.0,10.0,0.1,0
80.83,7.33,7.33,7.0,6.83,7.33,7.67,10.0,10.0,10.0,0.01,1
80.75,7.17,7.25,7.08,7.17,7.25,7.58,10.0,10.0,10.0,0.0,1
80.75,6.92,7.5,7.0,7.58,7.5,7.08,10.0,10.0,10.0,0.0,2
80.75,7.5,7.33,7.0,7.42,7.17,7.17,10.0,10.0,10.0,0.12,1
80.75,7.25,7.25,7.17,7.25,7.33,7.25,10.0,10.0,10.0,0.12,5
80.75,7.5,7.33,7.0,7.42,7.25,7.17,10.0,10.0,10.0,0.11,2
80.75,7.25,7.33,7.17,7.33,7.33,7.17,10.0,10.0,10.0,0.11,4
80.75,7.42,7.17,7.08,7.42,7.25,7.25,10.0,10.0,10.0,0.09,2
80.75,7.25,7.33,7.08,7.5,7.25,7.33,10.0,10.0,10.0,0.13,1
80.75,7.33,7.33,7.25,7.25,7.17,7.17,10.0,10.0,10.0,0.11,0
80.75,7.58,7.33,7.42,7.25,7.5,7.5,9.33,9.33,10.0,0.11,2
80.75,7.42,7.0,7.42,7.25,7.08,7.33,10.0,10.0,10.0,0.12,0
80.75,7.08,7.33,7.17,7.25,7.33,7.67,10.0,10.0,10.0,0.13,6
80.67,7.33,7.08,7.08,7.08,7.42,7.33,10.0,10.0,10.0,0.0,1
80.67,7.58,7.42,7.0,7.67,7.5,7.5,9.33,9.33,10.0,0.13,1
80.67,7.67,7.42,6.83,7.17,7.42,7.17,10.0,10.0,10.0,0.11,0
80.67,7.83,7.5,7.67,7.67,7.83,7.5,6.67,10.0,10.0,0.11,4
80.67,7.5,7.25,7.17,7.17,7.25,7.17,10.0,10.0,10.0,0.12,1
80.67,7.25,7.17,7.17,7.25,7.17,7.42,10.0,10.0,10.0,0.12,4
80.67,7.67,7.5,7.42,7.67,7.5,7.75,10.0,10.0,6.67,0.0,1
80.67,7.67,7.17,7.0,7.5,7.0,7.0,10.0,10.0,10.0,0.12,5
80.67,7.0,7.33,7.5,7.33,7.0,7.33,10.0,10.0,10.0,0.11,2
80.67,7.0,7.5,7.33,7.17,7.17,7.17,10.0,10.0,10.0,0.11,3
80.67,7.17,7.25,7.08,7.42,7.08,7.42,10.0,10.0,10.0,0.18,2
80.58,7.33,7.25,7.33,7.08,7.58,7.25,9.33,10.0,10.0,0.11,7
80.58,7.08,7.5,7.0,7.25,7.42,7.0,10.0,10.0,10.0,0.11,0
80.58,7.25,7.08,7.08,7.33,7.33,7.25,10.0,10.0,10.0,0.12,1
80.58,7.42,7.25,7.33,7.0,7.08,7.25,10.0,10.0,10.0,0.0,3
80.58,7.5,7.17,7.0,7.42,7.33,7.0,10.0,10.0,10.0,0.11,5
80.58,7.17,7.42,6.83,7.5,7.17,7.25,10.0,10.0,10.0,0.11,5
80.58,7.42,7.58,7.5,7.92,7.83,7.83,8.67,8.67,9.33,0.0,0
80.58,7.08,7.25,7.0,7.5,7.08,7.33,10.0,10.0,10.0,0.0,2
80.5,7.17,7.17,7.17,7.42,7.17,7.25,10.0,10.0,10.0,0.0,0
80.5,7.33,7.25,7.08,7.17,7.25,7.17,10.0,10.0,10.0,0.1,4
80.5,7.58,7.33,7.0,7.17,7.33,7.08,10.0,10.0,10.0,0.11,5
80.5,7.25,7.25,7.17,7.17,7.25,7.17,10.0,10.0,10.0,0.12,0
80.5,7.25,7.33,7.17,7.5,7.33,7.25,9.33,10.0,10.0,0.11,3
80.5,7.17,7.33,7.17,7.42,7.25,7.08,10.0,10.0,10.0,0.0,2
80.5,7.5,7.17,6.83,7.5,7.17,7.17,10.0,10.0,10.0,0.11,3
80.5,7.42,7.42,7.08,7.33,7.67,7.5,9.33,9.33,10.0,0.1,10
80.5,7.42,7.33,7.33,7.58,7.58,7.42,8.67,10.0,10.0,0.11,0
80.5,7.5,7.5,7.0,7.67,7.17,7.0,10.0,10.0,10.0,0.12,1
80.5,7.25,7.25,7.08,7.33,7.25,7.17,10.0,10.0,10.0,0.15,1
80.42,7.25,7.42,7.0,7.42,7.33,7.0,10.0,10.0,10.0,0.1,0
80.42,7.58,7.17,7.17,7.17,7.17,7.17,10.0,10.0,10.0,0.14,0
80.42,7.33,7.17,7.08,7.08,7.33,7.17,10.0,10.0,10.0,0.0,1
80.42,7.25,7.08,7.25,7.17,7.33,7.17,10.0,10.0,10.0,0.17,14
80.42,7.25,7.25,7.17,7.25,7.25,7.25,10.0,10.0,10.0,0.11,0
80.42,6.92,7.17,7.08,7.5,7.33,7.17,10.0,10.0,10.0,0.1,4
80.42,7.42,7.08,7.08,7.33,7.25,7.17,10.0,10.0,10.0,0.12,16
80.33,7.08,7.25,7.17,7.33,7.08,7.08,10.0,10.0,10.0,0.12,0
80.33,7.25,7.17,7.0,7.25,7.42,7.08,10.0,10.0,10.0,0.13,5
80.33,7.25,7.17,7.25,7.25,7.25,7.08,10.0,10.0,10.0,0.12,5
80.33,7.25,7.25,7.08,7.25,7.25,7.25,10.0,10.0,10.0,0.11,0
80.33,7.33,7.33,6.83,7.5,7.0,7.17,10.0,10.0,10.0,0.11,4
80.33,7.25,7.08,7.08,7.33,7.33,7.17,10.0,10.0,10.0,0.11,21
80.33,7.17,7.5,6.92,7.33,7.67,7.33,9.33,10.0,10.0,0.12,7
80.33,7.25,7.25,7.25,7.33,7.5,8.0,9.33,9.33,10.0,0.1,1
80.25,7.17,7.33,7.42,7.08,7.0,7.0,10.0,10.0,10.0,0.11,1
80.25,7.25,7.25,7.0,7.0,7.42,7.0,10.0,10.0,10.0,0.1,4
80.25,7.25,7.17,7.0,7.33,7.33,7.0,10.0,10.0,10.0,0.1,2
80.25,8.0,7.08,7.0,7.33,7.08,6.92,10.0,10.0,10.0,0.11,26
80.25,7.42,7.0,7.08,7.0,7.17,7.33,10.0,10.0,10.0,0.0,1
80.25,7.08,6.92,7.0,7.25,7.5,7.25,10.0,10.0,10.0,0.11,2
80.25,7.5,7.08,7.67,7.67,7.42,7.58,9.33,9.33,9.33,0.12,13
80.25,7.42,8.0,7.83,7.75,8.08,7.58,8.67,8.67,8.67,0.1,0
80.25,7.25,7.08,7.25,7.25,7.17,7.25,10.0,10.0,10.0,0.11,0
80.25,7.0,7.17,7.33,7.33,7.0,7.17,10.0,10.0,10.0,0.11,12
80.25,7.58,7.33,7.17,7.25,6.75,7.0,10.0,10.0,10.0,0.11,8
80.17,7.42,7.25,7.25,7.58,7.42,7.33,8.67,10.0,10.0,0.0,2
80.17,7.17,7.08,7.08,7.33,7.25,7.08,10.0,10.0,10.0,0.11,2
80.17,7.25,7.25,7.0,7.17,7.08,7.08,10.0,10.0,10.0,0.11,0
80.17,7.33,7.33,7.0,7.17,7.17,7.17,10.0,10.0,10.0,0.11,2
80.17,7.33,7.08,6.92,7.42,7.25,7.08,10.0,10.0,10.0,0.11,2
80.17,7.58,7.42,7.33,7.5,7.08,7.17,8.67,10.0,10.0,0.14,2
80.17,7.33,7.33,7.17,7.08,7.25,7.0,10.0,10.0,10.0,0.12,12
80.17,7.33,7.33,7.0,7.33,7.0,7.0,10.0,10.0,10.0,0.11,5
80.17,7.58,7.5,7.33,7.33,7.67,7.33,9.33,9.33,9.33,0.05,1
80.08,7.17,7.17,7.0,7.17,7.25,7.25,10.0,10.0,10.0,0.11,5
80.08,7.42,7.25,7.25,7.17,7.0,7.0,10.0,10.0,10.0,0.07,0
80.08,7.25,7.17,6.92,7.25,7.17,7.25,10.0,10.0,10.0,0.1,4
80.08,7.25,7.25,7.25,7.25,7.08,7.0,10.0,10.0,10.0,0.11,0
80.08,7.25,7.25,7.25,7.0,7.25,7.08,10.0,10.0,10.0,0.11,0
80.08,7.25,7.25,7.25,7.08,7.17,7.08,10.0,10.0,10.0,0.11,0
80.08,7.33,7.17,7.25,7.08,7.08,7.08,10.0,10.0,10.0,0.15,0
80.08,7.25,7.08,7.0,7.17,7.33,7.17,10.0,10.0,10.0,0.14,17
80.0,7.33,7.08,6.92,7.08,7.42,7.17,10.0,10.0,10.0,0.1,5
80.0,7.17,7.33,7.0,7.42,7.17,7.0,10.0,10.0,10.0,0.0,4
80.0,7.58,7.75,7.42,7.5,7.5,7.5,8.67,8.67,10.0,0.0,2
80.0,7.25,7.25,7.25,7.0,7.25,7.0,10.0,10.0,10.0,0.11,0
80.0,7.33,6.67,7.08,7.42,7.42,7.08,10.0,10.0,10.0,0.0,0
80.0,7.25,7.25,7.08,7.17,7.33,7.33,9.33,10.0,10.0,0.12,9
80.0,7.08,7.33,7.0,7.33,7.08,7.0,10.0,10.0,10.0,0.11,12
80.0,7.42,7.42,7.5,7.92,7.75,7.58,8.67,9.33,8.67,0.05,2
79.92,7.83,7.67,7.58,7.75,7.83,7.17,6.67,10.0,10.0,0.0,1
79.92,7.5,7.0,7.0,6.92,7.33,7.17,10.0,10.0,10.0,0.11,3
79.92,7.33,7.08,7.08,7.33,7.42,7.17,9.33,10.0,10.0,0.12,4
79.92,7.17,7.17,6.92,7.25,7.33,7.08,10.0,10.0,10.0,0.12,7
79.92,7.5,7.17,7.0,7.17,7.25,7.08,10.0,10.0,10.0,0.0,0
79.92,7.17,7.08,7.08,7.08,7.5,7.33,9.33,10.0,10.0,0.11,3
79.92,7.33,7.25,7.0,7.42,7.17,7.17,9.33,10.0,10.0,0.12,6
79.92,7.17,7.33,7.08,7.58,7.33,7.08,10.0,9.33,10.0,0.11,0
79.92,7.5,7.42,7.58,7.42,7.5,7.58,8.67,8.67,10.0,0.05,0
79.83,7.0,7.08,7.0,7.17,7.25,7.25,10.0,10.0,10.0,0.11,5
79.83,7.33,7.25,6.92,7.33,7.25,7.33,9.33,10.0,10.0,0.1,2
79.83,6.83,7.17,7.17,6.92,7.5,7.08,10.0,10.0,10.0,0.11,0
79.83,7.17,7.08,7.0,7.25,7.5,7.0,10.0,10.0,10.0,0.12,3
79.83,7.58,7.08,6.83,7.17,7.5,7.17,9.33,10.0,10.0,0.12,10
79.75,7.5,7.42,7.25,7.58,7.33,7.42,9.33,9.33,9.33,0.1,1
79.75,7.75,7.33,7.17,7.33,7.67,7.83,9.33,9.33,8.67,0.0,0
79.75,7.08,7.08,7.25,7.0,7.17,7.17,10.0,10.0,10.0,0.1,0
79.75,7.25,7.08,6.92,7.5,7.08,6.92,10.0,10.0,10.0,0.12,0
79.75,7.0,7.08,7.0,7.25,7.5,7.42,9.33,10.0,10.0,0.12,2
79.75,7.58,7.5,7.67,7.75,7.67,7.58,8.0,8.0,10.0,0.1,4
79.75,7.58,7.08,7.0,7.0,7.5,6.92,10.0,10.0,10.0,0.12,4
79.75,7.58,7.08,6.92,7.58,7.5,6.92,10.0,9.33,10.0,0.13,4
79.75,7.25,7.08,7.0,7.17,7.17,7.08,10.0,10.0,10.0,0.12,5
79.75,7.25,7.17,7.17,7.08,7.17,7.0,10.0,10.0,10.0,0.14,0
79.75,7.33,7.25,7.0,7.08,7.08,7.0,10.0,10.0,10.0,0.1,22
79.75,7.58,7.33,7.5,7.33,7.0,7.33,9.33,9.33,9.33,0.0,4
79.75,7.25,6.83,6.92,7.08,7.25,7.08,10.0,10.0,10.0,0.12,7
79.67,7.42,7.42,7.25,7.58,7.42,7.33,9.33,9.33,9.33,0.1,1
79.67,7.25,7.08,7.0,6.83,7.33,7.17,10.0,10.0,10.0,0.0,12
79.67,6.92,7.17,6.83,7.42,7.17,7.08,10.0,10.0,10.0,0.12,0
79.67,7.5,7.0,6.83,7.08,7.08,7.17,10.0,10.0,10.0,0.11,6
79.67,7.42,7.25,6.83,7.58,7.17,6.58,10.0,10.0,10.0,0.12,6
79.67,7.33,7.17,7.0,6.75,7.08,7.0,10.0,10.0,10.0,0.13,6
79.67,6.92,7.17,7.17,7.17,7.08,7.08,10.0,10.0,10.0,0.0,9
79.67,7.17,7.17,7.0,7.0,7.25,6.92,10.0,10.0,10.0,0.0,0
79.58,7.08,7.0,6.92,7.33,7.25,7.08,10.0,10.0,10.0,0.12,11
79.58,7.25,6.92,6.92,7.33,7.25,7.0,10.0,10.0,10.0,0.13,5
79.58,7.25,7.17,7.0,6.75,7.17,7.33,10.0,10.0,10.0,0.1,4
79.58,7.08,7.0,6.83,7.33,7.25,7.0,10.0,10.0,10.0,0.17,19
79.5,6.92,6.92,7.0,7.42,7.25,7.0,10.0,10.0,10.0,0.12,6
79.5,6.92,7.0,7.17,7.0,7.42,7.0,10.0,10.0,10.0,0.0,1
79.5,7.83,7.5,7.42,7.42,7.67,7.5,10.0,6.67,10.0,0.0,2
79.5,7.25,7.08,6.92,7.25,7.58,7.08,9.33,10.0,10.0,0.12,20
79.5,7.25,7.33,7.0,7.25,7.17,7.17,9.33,10.0,10.0,0.12,5
79.42,7.08,7.33,7.25,7.58,7.33,7.42,9.33,9.33,9.33,0.1,2
79.42,7.25,7.33,6.83,7.0,7.0,7.17,10.0,10.0,10.0,0.1,4
79.42,7.0,6.83,6.83,7.42,7.33,7.17,10.0,10.0,10.0,0.13,30
79.33,7.42,7.25,6.83,7.0,7.33,7.08,9.33,10.0,10.0,0.13,2
79.33,7.42,7.25,6.75,7.25,7.42,7.25,9.33,9.33,10.0,0.0,3
79.33,7.0,7.0,6.83,7.33,7.42,6.92,10.0,10.0,10.0,0.14,23
79.33,7.42,7.17,7.08,7.17,7.08,7.08,9.33,10.0,10.0,0.14,19
79.33,7.17,6.5,6.33,7.25,7.58,7.33,10.0,10.0,10.0,0.11,6
79.25,7.08,6.83,6.83,7.25,7.42,7.08,10.0,10.0,10.0,0.11,0
79.25,7.0,7.0,6.92,7.17,7.17,7.08,10.0,10.0,10.0,0.13,10
79.17,7.33,7.42,7.33,7.42,7.5,7.42,8.67,9.33,9.33,0.1,0
79.17,7.58,7.0,6.75,6.92,7.0,6.92,10.0,10.0,10.0,0.11,5
79.17,7.08,7.0,6.92,7.42,7.0,6.92,10.0,10.0,10.0,0.11,6
79.17,7.25,7.17,6.75,7.25,7.0,6.92,10.0,10.0,10.0,0.11,6
79.17,7.17,7.42,7.5,8.0,7.25,7.83,10.0,10.0,6.67,0.1,20
79.17,7.25,7.08,6.92,7.08,7.17,7.17,9.33,10.0,10.0,0.14,8
79.17,7.17,6.92,6.92,7.08,7.17,7.0,10.0,10.0,10.0,0.14,34
79.17,6.75,6.75,6.83,7.25,7.58,7.08,10.0,10.0,10.0,0.01,8
79.08,7.58,7.67,7.42,7.42,7.67,7.67,8.67,8.67,8.67,0.1,1
79.08,7.42,7.08,6.75,7.33,7.33,6.92,10.0,9.33,10.0,0.13,0
79.08,7.33,7.0,6.92,7.25,7.33,7.08,9.33,10.0,10.0,0.16,2
79.08,7.25,7.08,6.75,7.33,7.42,7.0,9.33,10.0,10.0,0.11,45
79.08,7.17,7.25,7.25,7.17,7.25,7.08,9.33,9.33,10.0,0.1,0
79.08,6.75,6.75,6.42,6.83,7.58,7.5,10.0,10.0,10.0,0.1,3
79.0,7.33,7.17,6.58,7.42,7.08,6.83,10.0,10.0,10.0,0.12,3
79.0,7.0,7.0,7.0,7.0,7.0,7.0,10.0,10.0,10.0,0.11,12
79.0,7.67,7.17,7.08,7.25,8.0,7.5,8.67,9.33,9.33,0.0,4
79.0,6.75,7.08,6.67,7.25,7.17,7.08,10.0,10.0,10.0,0.12,12
79.0,7.5,7.17,6.92,7.5,7.25,7.0,8.67,10.0,10.0,0.14,17
79.0,7.17,6.83,6.83,7.25,7.17,6.92,10.0,10.0,10.0,0.14,38
78.92,7.33,7.0,6.75,7.08,7.17,7.25,9.33,10.0,10.0,0.12,8
78.92,7.5,7.0,6.92,7.08,6.92,6.75,10.0,10.0,10.0,0.16,0
78.83,7.17,7.0,6.92,7.0,7.0,7.0,10.0,10.0,10.0,0.1,4
78.75,7.5,6.92,6.92,7.25,7.58,7.42,9.33,9.33,9.33,0.12,8
78.75,7.33,7.08,6.33,7.25,7.0,7.0,10.0,10.0,10.0,0.12,8
78.75,7.25,6.83,6.83,7.0,7.17,7.0,10.0,10.0,10.0,0.14,0
78.75,7.25,7.33,7.17,7.25,7.08,7.0,8.67,10.0,10.0,0.14,0
78.75,7.67,7.17,6.83,7.33,7.58,7.17,9.33,10.0,8.67,0.12,0
78.67,7.0,6.92,6.83,7.17,7.17,7.17,10.0,10.0,9.33,0.0,5
78.67,6.92,6.92,6.67,7.25,7.17,6.92,10.0,10.0,10.0,0.13,2
78.58,7.08,7.0,6.75,6.83,7.08,6.92,10.0,10.0,10.0,0.1,7
78.58,6.83,7.08,6.92,6.75,7.25,7.08,10.0,10.0,10.0,0.11,1
78.58,7.33,7.17,6.92,7.58,7.25,7.17,8.67,9.33,10.0,0.12,3
78.58,6.83,6.75,7.17,7.25,7.0,6.92,10.0,10.0,10.0,0.1,0
78.58,7.0,7.0,6.75,7.33,6.92,6.92,10.0,10.0,10.0,0.13,1
78.58,7.92,7.58,7.58,7.92,7.92,7.5,8.0,6.67,10.0,0.1,1
78.58,7.92,6.83,7.08,7.42,6.75,7.33,8.67,9.33,10.0,0.0,0
78.5,7.25,6.75,6.92,6.92,7.25,7.58,9.33,9.33,10.0,0.0,0
78.5,7.08,6.83,6.83,7.0,7.0,6.92,10.0,10.0,10.0,0.12,14
78.5,7.25,7.17,7.0,6.83,7.58,7.08,8.67,10.0,10.0,0.13,3
78.42,6.83,7.0,6.92,7.08,6.92,6.83,10.0,10.0,10.0,0.12,4
78.42,7.58,7.17,7.0,7.17,7.33,7.0,8.0,10.0,10.0,0.14,0
78.33,7.5,7.75,7.58,7.83,7.92,7.92,7.33,8.0,8.67,0.1,0
78.33,7.17,6.5,6.67,7.0,7.17,7.17,10.0,10.0,10.0,0.1,2
78.33,7.17,7.17,6.5,7.17,7.0,6.83,10.0,10.0,10.0,0.11,4
78.33,7.25,7.25,7.0,7.5,7.33,7.42,8.0,9.33,10.0,0.13,47
78.33,7.17,6.08,6.17,7.25,7.33,7.33,10.0,10.0,10.0,0.11,9
78.25,7.5,7.5,7.33,7.58,7.5,7.42,8.67,8.67,8.67,0.11,8
78.25,7.42,7.33,7.33,7.5,7.67,7.75,8.0,8.67,9.33,0.11,31
78.17,6.92,6.83,6.92,6.92,6.92,6.83,10.0,10.0,10.0,0.13,1
78.08,7.08,6.83,6.67,7.25,7.25,6.92,10.0,9.33,10.0,0.11,3
78.0,7.5,7.08,7.33,7.17,7.5,7.5,6.67,10.0,10.0,0.0,4
78.0,6.83,7.0,6.67,7.0,7.0,6.83,10.0,10.0,10.0,0.11,6
78.0,7.58,7.33,7.5,7.42,7.5,7.33,8.0,8.67,9.33,0.12,3
78.0,7.42,7.25,6.83,7.33,7.0,6.92,9.33,9.33,9.33,0.1,2
78.0,7.33,7.17,6.92,7.08,7.33,7.0,9.33,9.33,9.33,0.1,28
78.0,7.0,6.83,6.83,7.17,6.67,6.83,10.0,10.0,10.0,0.11,9
78.0,7.25,7.33,7.0,7.0,7.25,7.08,10.0,10.0,8.0,0.12,7
78.0,7.42,7.17,7.0,7.17,7.67,7.17,8.67,9.33,9.33,0.1,3
77.92,7.5,7.25,7.42,7.0,7.08,6.83,8.67,9.33,10.0,0.12,4
77.92,7.42,7.25,7.0,7.0,7.25,7.08,8.0,10.0,10.0,0.11,3
77.92,7.17,6.17,6.17,7.08,7.33,6.83,10.0,10.0,10.0,0.11,7
77.83,7.42,7.0,7.0,7.17,7.08,7.0,9.33,8.67,10.0,0.1,0
77.83,7.0,6.75,6.67,6.83,7.08,6.83,10.0,10.0,10.0,0.11,2
77.83,7.0,6.83,6.67,7.17,6.83,6.83,10.0,10.0,10.0,0.11,2
77.67,7.17,6.75,6.58,7.33,7.33,7.17,9.33,9.33,10.0,0.11,0
77.58,7.58,7.67,7.58,7.67,7.42,7.42,9.33,9.33,6.0,0.12,5
77.5,7.17,6.75,6.58,6.75,6.83,6.75,10.0,10.0,10.0,0.13,3
77.42,7.08,6.92,6.33,7.0,6.92,7.0,10.0,10.0,10.0,0.11,15
77.33,7.5,7.33,7.42,7.58,7.58,6.92,8.0,8.0,10.0,0.0,3
77.33,7.33,7.0,6.83,7.17,7.17,7.17,9.33,9.33,9.33,0.1,2
77.33,7.33,7.0,6.67,7.0,6.92,6.92,9.33,9.33,10.0,0.15,5
77.25,6.83,6.83,6.83,6.75,6.92,6.92,9.33,10.0,10.0,0.1,1
77.25,7.08,6.92,6.83,6.67,7.58,7.42,8.67,9.33,10.0,0.12,5
77.17,7.08,7.0,7.0,7.25,7.33,7.25,8.67,8.67,10.0,0.12,11
77.0,7.42,7.75,7.42,7.67,7.92,7.83,8.67,5.33,9.33,0.0,9
76.83,7.67,7.33,7.17,6.67,7.17,7.42,9.33,10.0,6.67,0.0,0
76.75,6.67,6.33,6.42,6.83,7.0,6.92,10.0,10.0,10.0,0.0,0
76.5,6.42,6.5,6.5,7.33,6.33,6.92,10.0,10.0,10.0,0.12,4
76.42,7.17,6.58,6.58,7.0,7.25,6.58,9.33,9.33,10.0,0.13,14
76.33,7.5,7.0,6.83,7.5,7.17,7.33,8.67,8.67,8.67,0.11,8
76.33,6.17,6.5,6.5,7.17,7.0,6.83,10.0,10.0,10.0,0.11,5
76.25,7.25,7.08,6.83,7.17,7.33,6.83,8.67,8.67,9.33,0.0,0
76.17,7.5,7.33,7.33,7.58,7.67,7.25,8.0,8.0,8.0,0.0,3
76.17,7.42,7.0,6.83,7.08,6.92,6.83,7.33,10.0,10.0,0.16,4
76.17,7.33,7.0,6.5,6.08,7.58,6.33,9.33,10.0,9.33,0.12,26
76.08,7.08,6.83,6.83,7.17,7.17,7.08,10.0,7.33,10.0,0.12,12
76.0,6.83,6.83,6.67,6.83,7.0,6.83,9.33,8.67,10.0,0.11,7
75.83,6.83,6.5,6.5,6.92,6.75,7.0,9.33,10.0,9.33,0.12,2
75.67,7.17,7.0,6.83,7.5,7.17,7.0,8.0,8.0,10.0,0.11,6
75.58,7.92,7.58,7.17,7.58,7.33,7.17,8.0,8.0,8.0,0.11,15
75.58,6.67,6.5,6.33,7.0,7.17,6.75,8.67,10.0,10.0,0.12,10
75.5,7.5,7.25,6.92,7.0,7.17,6.83,8.0,8.0,10.0,0.11,20
75.17,7.17,6.92,6.67,6.83,7.25,7.75,10.0,6.0,10.0,0.11,20
75.17,7.25,6.83,6.67,7.08,7.17,6.83,10.0,6.67,10.0,0.12,8
75.17,7.17,7.17,6.83,7.17,7.42,6.67,8.67,7.33,10.0,0.13,29
75.0,7.0,6.92,6.75,6.92,7.17,6.83,10.0,6.67,10.0,0.14,7
74.92,7.08,6.75,6.58,7.0,7.0,6.75,8.67,8.67,10.0,0.17,6
74.83,7.33,6.75,6.67,7.25,7.5,7.0,10.0,5.33,10.0,0.12,30
74.75,6.75,6.5,6.17,7.0,7.25,6.75,8.0,10.0,10.0,0.11,8
74.75,6.75,6.67,6.17,7.17,7.0,6.58,8.0,10.0,10.0,0.11,10
74.67,7.08,7.0,6.83,7.5,7.33,6.83,8.0,7.33,10.0,0.12,7
74.42,7.5,7.25,7.0,7.25,7.42,7.33,8.0,8.67,6.67,0.0,2
74.33,6.5,6.33,6.5,7.5,7.33,6.83,8.67,10.0,8.67,0.11,1
74.33,7.0,6.58,6.67,6.83,7.08,6.83,10.0,6.67,10.0,0.14,11
74.0,6.92,6.42,6.17,7.33,7.25,6.75,10.0,6.67,10.0,0.13,27
73.83,7.67,7.0,7.17,7.58,7.33,7.33,10.0,2.67,10.0,0.12,19
73.67,7.17,7.17,7.17,7.58,7.67,6.92,9.33,6.67,6.67,0.0,17
73.5,7.25,6.58,6.58,7.0,7.0,6.42,8.0,8.0,10.0,0.11,0
73.42,7.0,7.17,6.83,7.17,7.0,7.17,8.0,8.0,8.0,0.11,16
72.92,7.08,7.08,6.92,7.08,6.92,6.92,8.0,8.0,8.0,0.0,1
72.83,8.0,7.33,7.75,7.33,7.42,7.67,6.67,6.67,6.67,0.0,15
72.58,6.92,6.92,6.92,7.5,7.58,7.17,6.67,6.67,9.33,0.11,9
72.33,6.92,6.75,7.08,7.17,7.33,6.67,10.0,5.33,8.67,0.08,0
71.75,6.33,6.5,6.33,6.83,6.33,6.5,10.0,6.67,10.0,0.11,7
71.08,6.92,6.92,6.92,6.92,7.17,7.0,10.0,2.67,10.0,0.12,24
71.0,6.5,6.67,6.42,7.17,7.33,6.5,8.0,6.0,10.0,0.11,0
70.75,6.92,7.0,6.83,6.92,7.42,6.92,6.0,6.0,10.0,0.12,1
70.67,7.0,7.0,6.83,7.0,7.33,6.83,6.0,6.0,10.0,0.11,55
69.33,6.67,6.5,6.17,6.67,6.83,6.17,8.0,8.0,8.0,0.1,4
69.17,7.0,6.17,6.17,6.67,6.5,6.17,8.0,8.0,8.0,0.1,3
69.17,7.0,6.33,6.17,6.5,6.67,6.17,8.0,8.0,8.0,0.1,4
68.33,7.08,6.83,6.25,7.42,7.25,6.75,10.0,0.0,10.0,0.11,20
67.92,6.75,6.58,6.42,6.67,7.08,6.67,9.33,6.0,6.0,0.14,16
63.08,7.25,6.58,6.33,6.25,6.42,6.08,6.0,6.0,6.0,0.13,5
59.83,7.5,6.67,6.67,7.67,7.33,6.67,8.0,1.33,1.33,0.1,4
43.13,6.0,6.0,6.25,6.88,6.0,6.0,0.0,0.0,0.0,0.0,0
0.0,0.0,0.0,0.0,0.0,0.0,0.0,0.0,0.0,0.0,0.12,2
